Date,Close/Last,Volume,Open,High,Low,Symbol,stock_id
10-09-25,$241.53 ,27892090,$244.47 ,$244.76 ,$239.15 ,GOOGL,3
10-08-25,$244.62 ,21307100,$244.96 ,$246.01 ,$243.82 ,GOOGL,3
10-07-25,$245.76 ,23181290,$248.27 ,$250.44 ,$245.52 ,GOOGL,3
10-06-25,$250.43 ,28894650,$244.78 ,$251.32 ,$244.58 ,GOOGL,3
10-03-25,$245.35 ,30249560,$244.49 ,$246.30 ,$241.66 ,GOOGL,3
10-02-25,$245.69 ,25483300,$245.15 ,$246.81 ,$242.30 ,GOOGL,3
10-01-25,$244.90 ,31658230,$240.75 ,$246.30 ,$238.61 ,GOOGL,3
09/30/2025,$243.10 ,34724350,$242.81 ,$243.29 ,$239.25 ,GOOGL,3
09/29/2025,$244.05 ,32505780,$247.85 ,$251.15 ,$242.77 ,GOOGL,3
09/26/2025,$246.54 ,18503190,$247.07 ,$249.42 ,$245.97 ,GOOGL,3
09/25/2025,$245.79 ,31020380,$244.40 ,$246.49 ,$240.74 ,GOOGL,3
09/24/2025,$247.14 ,28201000,$251.66 ,$252.35 ,$246.44 ,GOOGL,3
09/23/2025,$251.66 ,26628020,$253.04 ,$254.36 ,$250.48 ,GOOGL,3
09/22/2025,$252.53 ,32290540,$254.43 ,$255.78 ,$250.30 ,GOOGL,3
09/19/2025,$254.72 ,55571420,$253.25 ,$256.00 ,$251.81 ,GOOGL,3
09/18/2025,$252.03 ,31239470,$251.68 ,$253.99 ,$249.80 ,GOOGL,3
09/17/2025,$249.53 ,34107990,$251.22 ,$251.60 ,$246.28 ,GOOGL,3
09/16/2025,$251.16 ,34109720,$252.08 ,$253.04 ,$249.47 ,GOOGL,3
09/15/2025,$251.61 ,58383800,$244.66 ,$252.41 ,$244.66 ,GOOGL,3
09-12-25,$240.80 ,26771610,$240.37 ,$242.08 ,$238.00 ,GOOGL,3
09-11-25,$240.37 ,30599330,$239.88 ,$242.25 ,$236.25 ,GOOGL,3
09-10-25,$239.17 ,35141070,$238.90 ,$241.66 ,$237.85 ,GOOGL,3
09-09-25,$239.63 ,38060960,$234.17 ,$240.47 ,$233.23 ,GOOGL,3
09-08-25,$234.04 ,32474740,$235.47 ,$238.13 ,$233.67 ,GOOGL,3
09-05-25,$235.00 ,46588930,$232.20 ,$235.76 ,$231.90 ,GOOGL,3
09-04-25,$232.30 ,51684170,$229.65 ,$232.37 ,$226.11 ,GOOGL,3
09-03-25,$230.66 ,103336100,$226.21 ,$231.31 ,$224.79 ,GOOGL,3
09-02-25,$211.35 ,47523040,$208.44 ,$211.68 ,$206.20 ,GOOGL,3
08/29/2025,$212.91 ,39728360,$210.51 ,$214.65 ,$210.20 ,GOOGL,3
08/28/2025,$211.64 ,32339310,$207.25 ,$212.22 ,$206.90 ,GOOGL,3
08/27/2025,$207.48 ,23022850,$205.70 ,$208.91 ,$205.65 ,GOOGL,3
08/26/2025,$207.14 ,28464130,$207.51 ,$207.85 ,$205.70 ,GOOGL,3
08/25/2025,$208.49 ,29928880,$206.43 ,$210.52 ,$205.28 ,GOOGL,3
08/22/2025,$206.09 ,42827040,$202.73 ,$208.54 ,$201.30 ,GOOGL,3
08/21/2025,$199.75 ,19774630,$199.75 ,$202.48 ,$199.43 ,GOOGL,3
08/20/2025,$199.32 ,28955500,$200.73 ,$201.28 ,$196.60 ,GOOGL,3
08/19/2025,$201.57 ,24240230,$203.03 ,$203.44 ,$199.96 ,GOOGL,3
08/18/2025,$203.50 ,18526590,$204.20 ,$205.27 ,$202.49 ,GOOGL,3
08/15/2025,$203.90 ,34931420,$203.85 ,$206.44 ,$201.28 ,GOOGL,3
08/14/2025,$202.94 ,25230430,$201.50 ,$204.44 ,$201.23 ,GOOGL,3
08/13/2025,$201.96 ,28342920,$204.13 ,$204.53 ,$197.51 ,GOOGL,3
08-12-25,$203.34 ,30424450,$201.37 ,$204.50 ,$200.59 ,GOOGL,3
08-11-25,$201.00 ,25832440,$200.94 ,$201.48 ,$199.07 ,GOOGL,3
08-08-25,$201.42 ,39161830,$197.22 ,$202.61 ,$197.17 ,GOOGL,3
08-07-25,$196.52 ,26321810,$197.06 ,$197.54 ,$194.33 ,GOOGL,3
08-06-25,$196.09 ,21562910,$194.50 ,$196.63 ,$193.67 ,GOOGL,3
08-05-25,$194.67 ,31602340,$194.71 ,$197.86 ,$193.89 ,GOOGL,3
08-04-25,$195.04 ,31547350,$190.29 ,$195.27 ,$190.12 ,GOOGL,3
08-01-25,$189.13 ,34832180,$189.03 ,$190.83 ,$187.82 ,GOOGL,3
07/31/2025,$191.90 ,51329160,$195.71 ,$195.99 ,$191.09 ,GOOGL,3
07/30/2025,$196.53 ,32445410,$195.60 ,$197.60 ,$194.69 ,GOOGL,3
07/29/2025,$195.75 ,41389150,$192.43 ,$195.92 ,$192.08 ,GOOGL,3
07/28/2025,$192.58 ,38139500,$193.65 ,$194.05 ,$190.84 ,GOOGL,3
07/25/2025,$193.18 ,39785860,$191.98 ,$194.33 ,$191.26 ,GOOGL,3
07/24/2025,$192.17 ,74881690,$197.03 ,$197.95 ,$191.00 ,GOOGL,3
07/23/2025,$190.23 ,58681950,$191.50 ,$192.53 ,$189.18 ,GOOGL,3
07/22/2025,$191.34 ,44660220,$191.50 ,$191.65 ,$187.46 ,GOOGL,3
07/21/2025,$190.10 ,45803130,$186.25 ,$190.29 ,$186.15 ,GOOGL,3
07/18/2025,$185.06 ,34014510,$185.40 ,$186.42 ,$183.71 ,GOOGL,3
07/17/2025,$183.58 ,31992570,$182.14 ,$184.06 ,$180.48 ,GOOGL,3
07/16/2025,$182.97 ,33104190,$183.24 ,$184.33 ,$182.03 ,GOOGL,3
07/15/2025,$182.00 ,33448250,$182.81 ,$184.22 ,$181.60 ,GOOGL,3
07/14/2025,$181.56 ,32536630,$181.01 ,$183.67 ,$179.68 ,GOOGL,3
07-11-25,$180.19 ,34282920,$176.79 ,$181.43 ,$176.48 ,GOOGL,3
07-10-25,$177.62 ,29252390,$175.63 ,$178.43 ,$174.38 ,GOOGL,3
07-09-25,$176.62 ,43025590,$175.25 ,$179.44 ,$172.77 ,GOOGL,3
07-08-25,$174.36 ,40442540,$177.85 ,$177.95 ,$172.81 ,GOOGL,3
07-07-25,$176.79 ,34175650,$179.06 ,$179.30 ,$175.68 ,GOOGL,3
07-03-25,$179.53 ,21689730,$178.50 ,$179.67 ,$177.05 ,GOOGL,3
07-02-25,$178.64 ,29128950,$175.54 ,$178.86 ,$175.07 ,GOOGL,3
07-01-25,$175.84 ,35904530,$175.74 ,$176.09 ,$173.53 ,GOOGL,3
06/30/2025,$176.23 ,63378860,$180.78 ,$181.23 ,$174.58 ,GOOGL,3
06/27/2025,$178.53 ,108140200,$173.54 ,$178.68 ,$171.73 ,GOOGL,3
06/26/2025,$173.54 ,31796690,$172.43 ,$173.69 ,$169.94 ,GOOGL,3
06/25/2025,$170.68 ,35478990,$167.63 ,$172.36 ,$167.55 ,GOOGL,3
06/24/2025,$166.77 ,40524310,$166.92 ,$168.22 ,$166.13 ,GOOGL,3
06/23/2025,$165.19 ,57670990,$166.27 ,$167.34 ,$162.00 ,GOOGL,3
06/20/2025,$166.64 ,75659920,$173.95 ,$174.34 ,$165.46 ,GOOGL,3
06/18/2025,$173.32 ,28707520,$176.01 ,$176.56 ,$173.20 ,GOOGL,3
06/17/2025,$175.95 ,24973040,$175.70 ,$177.36 ,$174.58 ,GOOGL,3
06/16/2025,$176.77 ,27389210,$174.73 ,$176.94 ,$174.65 ,GOOGL,3
06/13/2025,$174.67 ,27663110,$172.44 ,$177.13 ,$172.39 ,GOOGL,3
06-12-25,$175.70 ,20941870,$176.18 ,$176.72 ,$174.75 ,GOOGL,3
06-11-25,$177.35 ,31646760,$179.77 ,$180.37 ,$176.75 ,GOOGL,3
06-10-25,$178.60 ,61766120,$176.20 ,$181.11 ,$174.91 ,GOOGL,3
06-09-25,$176.09 ,28935910,$174.54 ,$176.47 ,$174.37 ,GOOGL,3
06-06-25,$173.68 ,35731830,$170.83 ,$174.50 ,$170.83 ,GOOGL,3
06-05-25,$168.21 ,36444560,$170.34 ,$170.93 ,$167.59 ,GOOGL,3
06-04-25,$168.05 ,26900840,$166.74 ,$168.22 ,$166.36 ,GOOGL,3
06-03-25,$166.18 ,45084900,$167.49 ,$168.48 ,$165.28 ,GOOGL,3
06-02-25,$169.03 ,38612270,$167.84 ,$169.87 ,$167.39 ,GOOGL,3
05/30/2025,$171.74 ,52639910,$171.35 ,$172.21 ,$167.44 ,GOOGL,3
05/29/2025,$171.86 ,29373800,$174.00 ,$174.42 ,$170.63 ,GOOGL,3
05/28/2025,$172.36 ,34784000,$173.16 ,$175.27 ,$171.91 ,GOOGL,3
05/27/2025,$172.90 ,37995670,$170.16 ,$173.17 ,$170.00 ,GOOGL,3
05/23/2025,$168.47 ,35211440,$169.06 ,$169.96 ,$167.89 ,GOOGL,3
05/22/2025,$170.87 ,74864420,$171.85 ,$176.77 ,$170.71 ,GOOGL,3
05/21/2025,$168.56 ,73415960,$163.69 ,$173.14 ,$163.56 ,GOOGL,3
05/20/2025,$163.98 ,46607660,$166.43 ,$168.50 ,$162.90 ,GOOGL,3
05/19/2025,$166.54 ,30426100,$164.51 ,$166.64 ,$164.22 ,GOOGL,3
05/16/2025,$166.19 ,42846930,$167.73 ,$169.35 ,$165.62 ,GOOGL,3
05/15/2025,$163.96 ,33146670,$165.84 ,$166.21 ,$162.37 ,GOOGL,3
05/14/2025,$165.37 ,48755870,$159.96 ,$167.00 ,$159.61 ,GOOGL,3
05/13/2025,$159.53 ,42382130,$158.79 ,$160.57 ,$156.16 ,GOOGL,3
05-12-25,$158.46 ,44138820,$157.49 ,$159.10 ,$156.25 ,GOOGL,3
05-09-25,$152.75 ,32435280,$154.17 ,$155.05 ,$152.20 ,GOOGL,3
05-08-25,$154.28 ,57498690,$155.00 ,$155.93 ,$152.90 ,GOOGL,3
05-07-25,$151.38 ,127747600,$164.08 ,$165.00 ,$147.84 ,GOOGL,3
05-06-25,$163.23 ,21277210,$162.17 ,$164.80 ,$161.19 ,GOOGL,3
05-05-25,$164.21 ,21341810,$163.00 ,$165.39 ,$162.72 ,GOOGL,3
05-02-25,$164.03 ,25715010,$163.41 ,$164.97 ,$161.87 ,GOOGL,3
05-01-25,$161.30 ,30203250,$160.45 ,$161.95 ,$158.91 ,GOOGL,3
04/30/2025,$158.80 ,34981060,$157.98 ,$159.27 ,$155.40 ,GOOGL,3
04/29/2025,$160.16 ,26808960,$160.33 ,$160.74 ,$157.52 ,GOOGL,3
04/28/2025,$160.61 ,29745780,$162.43 ,$163.15 ,$158.60 ,GOOGL,3
04/25/2025,$161.96 ,56034000,$165.07 ,$166.10 ,$161.04 ,GOOGL,3
04/24/2025,$159.28 ,45893950,$156.15 ,$159.59 ,$155.79 ,GOOGL,3
04/23/2025,$155.35 ,31128830,$155.61 ,$157.53 ,$153.81 ,GOOGL,3
04/22/2025,$151.47 ,26971770,$148.89 ,$152.19 ,$148.54 ,GOOGL,3
04/21/2025,$147.67 ,26049120,$148.88 ,$148.95 ,$146.10 ,GOOGL,3
04/17/2025,$151.16 ,33046580,$154.29 ,$154.68 ,$148.50 ,GOOGL,3
04/16/2025,$153.33 ,28187420,$153.10 ,$155.89 ,$151.51 ,GOOGL,3
04/15/2025,$156.31 ,27551530,$159.13 ,$159.65 ,$155.21 ,GOOGL,3
04/14/2025,$159.07 ,30332960,$160.00 ,$161.72 ,$157.56 ,GOOGL,3
04-11-25,$157.14 ,33636240,$152.90 ,$157.67 ,$152.82 ,GOOGL,3
04-10-25,$152.82 ,48021970,$156.54 ,$157.72 ,$149.93 ,GOOGL,3
04-09-25,$158.71 ,70406230,$144.42 ,$159.55 ,$143.91 ,GOOGL,3
04-08-25,$144.70 ,52200210,$151.22 ,$152.24 ,$143.03 ,GOOGL,3
04-07-25,$146.75 ,76794140,$141.55 ,$152.85 ,$140.53 ,GOOGL,3
04-04-25,$145.60 ,62259540,$148.01 ,$151.07 ,$145.38 ,GOOGL,3
04-03-25,$150.72 ,46883370,$151.11 ,$152.78 ,$150.39 ,GOOGL,3
04-02-25,$157.04 ,25041730,$155.15 ,$158.41 ,$154.70 ,GOOGL,3
04-01-25,$157.07 ,30672900,$153.62 ,$158.10 ,$153.62 ,GOOGL,3
03/31/2025,$154.64 ,54603460,$153.11 ,$155.54 ,$150.66 ,GOOGL,3
03/28/2025,$154.33 ,48669340,$160.49 ,$161.82 ,$153.63 ,GOOGL,3
03/27/2025,$162.24 ,24508270,$164.63 ,$165.42 ,$162.00 ,GOOGL,3
03/26/2025,$165.06 ,28939330,$169.00 ,$169.61 ,$164.84 ,GOOGL,3
03/25/2025,$170.56 ,24174370,$168.98 ,$170.63 ,$168.32 ,GOOGL,3
03/24/2025,$167.68 ,30879130,$167.07 ,$168.32 ,$165.14 ,GOOGL,3
03/21/2025,$163.99 ,36625760,$161.21 ,$164.24 ,$160.89 ,GOOGL,3
03/20/2025,$162.80 ,28138460,$161.57 ,$164.89 ,$160.96 ,GOOGL,3
03/19/2025,$163.89 ,34275580,$161.76 ,$165.87 ,$161.00 ,GOOGL,3
03/18/2025,$160.67 ,42074750,$163.68 ,$164.25 ,$156.72 ,GOOGL,3
03/17/2025,$164.29 ,31184340,$165.03 ,$166.30 ,$163.67 ,GOOGL,3
03/14/2025,$165.49 ,31995890,$163.27 ,$166.49 ,$162.45 ,GOOGL,3
03/13/2025,$162.76 ,31756210,$166.04 ,$166.13 ,$162.11 ,GOOGL,3
03-12-25,$167.11 ,28372400,$166.58 ,$167.64 ,$163.53 ,GOOGL,3
03-11-25,$164.04 ,39587410,$164.91 ,$166.75 ,$161.37 ,GOOGL,3
03-10-25,$165.87 ,43604030,$168.26 ,$168.46 ,$163.69 ,GOOGL,3
03-07-25,$173.86 ,27385810,$171.26 ,$174.97 ,$170.27 ,GOOGL,3
03-06-25,$172.35 ,28301950,$170.53 ,$174.81 ,$170.50 ,GOOGL,3
03-05-25,$173.02 ,30954920,$170.52 ,$173.78 ,$169.06 ,GOOGL,3
03-04-25,$170.92 ,45388000,$166.24 ,$173.29 ,$165.80 ,GOOGL,3
03-03-25,$167.01 ,40770450,$171.93 ,$173.37 ,$165.93 ,GOOGL,3
02/28/2025,$170.28 ,48130570,$168.68 ,$170.61 ,$166.77 ,GOOGL,3
02/27/2025,$168.50 ,39991020,$173.99 ,$174.56 ,$167.94 ,GOOGL,3
02/26/2025,$172.73 ,35431270,$175.07 ,$176.08 ,$171.58 ,GOOGL,3
02/25/2025,$175.42 ,41913410,$178.04 ,$178.74 ,$174.69 ,GOOGL,3
02/24/2025,$179.25 ,29854210,$181.99 ,$183.12 ,$178.89 ,GOOGL,3
02/21/2025,$179.66 ,35199240,$185.15 ,$185.34 ,$179.08 ,GOOGL,3
02/20/2025,$184.56 ,20441460,$184.80 ,$185.31 ,$182.72 ,GOOGL,3
02/19/2025,$185.27 ,19549400,$184.07 ,$185.46 ,$183.59 ,GOOGL,3
02/18/2025,$183.77 ,29916680,$185.60 ,$185.96 ,$181.74 ,GOOGL,3
02/14/2025,$185.23 ,20448440,$185.06 ,$186.40 ,$184.32 ,GOOGL,3
02/13/2025,$186.14 ,21402520,$184.32 ,$186.28 ,$183.14 ,GOOGL,3
02-12-25,$183.61 ,22072560,$183.22 ,$185.11 ,$181.83 ,GOOGL,3
02-11-25,$185.32 ,21239520,$185.03 ,$186.94 ,$184.28 ,GOOGL,3
02-10-25,$186.47 ,23105650,$187.35 ,$188.20 ,$185.86 ,GOOGL,3
02-07-25,$185.34 ,49314960,$191.05 ,$191.18 ,$183.24 ,GOOGL,3
02-06-25,$191.60 ,29297440,$189.50 ,$192.10 ,$188.72 ,GOOGL,3
02-05-25,$191.33 ,70461770,$191.07 ,$192.75 ,$188.03 ,GOOGL,3
02-04-25,$206.38 ,43856430,$203.39 ,$207.05 ,$202.81 ,GOOGL,3
02-03-25,$201.23 ,27838350,$200.69 ,$203.75 ,$200.10 ,GOOGL,3
01/31/2025,$204.02 ,32041950,$202.00 ,$205.48 ,$201.80 ,GOOGL,3
01/30/2025,$200.87 ,24354680,$198.00 ,$201.40 ,$197.67 ,GOOGL,3
01/29/2025,$195.41 ,18218260,$195.56 ,$196.79 ,$193.43 ,GOOGL,3
01/28/2025,$195.30 ,24157930,$192.75 ,$195.48 ,$190.68 ,GOOGL,3
01/27/2025,$191.81 ,41728890,$192.41 ,$196.88 ,$190.73 ,GOOGL,3
01/24/2025,$200.21 ,23877520,$198.10 ,$200.90 ,$198.00 ,GOOGL,3
01/23/2025,$197.98 ,26951360,$198.14 ,$200.30 ,$195.20 ,GOOGL,3
01/22/2025,$198.37 ,26200620,$199.06 ,$200.48 ,$197.53 ,GOOGL,3
01/21/2025,$198.05 ,29971290,$199.07 ,$202.29 ,$197.87 ,GOOGL,3
01/17/2025,$196.00 ,27735090,$196.53 ,$197.23 ,$193.75 ,GOOGL,3
01/16/2025,$192.91 ,17815430,$194.14 ,$195.48 ,$192.81 ,GOOGL,3
01/15/2025,$195.55 ,21775970,$193.09 ,$196.36 ,$191.86 ,GOOGL,3
01/14/2025,$189.66 ,17174850,$191.24 ,$191.98 ,$188.31 ,GOOGL,3
01/13/2025,$191.01 ,21823700,$190.07 ,$191.18 ,$187.36 ,GOOGL,3
01-10-25,$192.04 ,26665210,$194.30 ,$196.52 ,$190.31 ,GOOGL,3
01-08-25,$193.95 ,24864770,$192.57 ,$196.29 ,$192.38 ,GOOGL,3
01-07-25,$195.49 ,26487240,$197.11 ,$201.00 ,$194.60 ,GOOGL,3
01-06-25,$196.87 ,29563640,$193.98 ,$198.22 ,$193.85 ,GOOGL,3
01-03-25,$191.79 ,18596160,$191.37 ,$193.21 ,$189.98 ,GOOGL,3
01-02-25,$189.43 ,20370830,$190.65 ,$192.00 ,$187.50 ,GOOGL,3
12/31/2024,$189.30 ,17466920,$191.08 ,$191.96 ,$188.51 ,GOOGL,3
12/30/2024,$191.24 ,14264660,$189.80 ,$192.55 ,$189.12 ,GOOGL,3
12/27/2024,$192.76 ,18891360,$194.95 ,$195.32 ,$190.65 ,GOOGL,3
12/26/2024,$195.60 ,12057210,$195.15 ,$196.75 ,$194.38 ,GOOGL,3
12/24/2024,$196.11 ,10403260,$194.84 ,$196.11 ,$193.78 ,GOOGL,3
12/23/2024,$194.63 ,25675010,$192.62 ,$195.10 ,$190.15 ,GOOGL,3
12/20/2024,$191.41 ,63462930,$185.78 ,$192.89 ,$185.22 ,GOOGL,3
12/19/2024,$188.51 ,32265240,$191.63 ,$193.03 ,$188.38 ,GOOGL,3
12/18/2024,$188.40 ,34166070,$195.22 ,$197.00 ,$187.74 ,GOOGL,3
12/17/2024,$195.42 ,43504030,$197.25 ,$201.42 ,$194.98 ,GOOGL,3
12/16/2024,$196.66 ,44934900,$192.87 ,$199.00 ,$192.62 ,GOOGL,3
12/13/2024,$189.82 ,25143500,$191.01 ,$192.73 ,$189.64 ,GOOGL,3
12-12-24,$191.96 ,34817490,$195.00 ,$195.18 ,$191.71 ,GOOGL,3
12-11-24,$195.40 ,67894070,$185.31 ,$195.61 ,$184.85 ,GOOGL,3
12-10-24,$185.17 ,54813020,$182.85 ,$186.36 ,$181.05 ,GOOGL,3
12-09-24,$175.37 ,25389630,$173.96 ,$176.26 ,$173.65 ,GOOGL,3
12-06-24,$174.71 ,21462390,$172.03 ,$175.08 ,$171.86 ,GOOGL,3
12-05-24,$172.64 ,21356240,$175.36 ,$176.06 ,$172.33 ,GOOGL,3
12-04-24,$174.37 ,31615140,$171.15 ,$174.91 ,$171.06 ,GOOGL,3
12-03-24,$171.34 ,22248710,$171.49 ,$172.68 ,$170.85 ,GOOGL,3
12-02-24,$171.49 ,23789080,$168.77 ,$172.08 ,$168.57 ,GOOGL,3
11/29/2024,$168.95 ,14257240,$168.50 ,$169.43 ,$167.16 ,GOOGL,3
11/27/2024,$169.23 ,19266510,$169.00 ,$169.48 ,$168.02 ,GOOGL,3
11/26/2024,$169.12 ,20486720,$167.63 ,$169.82 ,$167.58 ,GOOGL,3
11/25/2024,$167.65 ,33135260,$166.09 ,$168.63 ,$165.61 ,GOOGL,3
11/22/2024,$164.76 ,38604590,$165.85 ,$166.46 ,$163.90 ,GOOGL,3
11/21/2024,$167.63 ,59734380,$173.90 ,$174.13 ,$163.70 ,GOOGL,3
11/20/2024,$175.98 ,18997110,$177.34 ,$177.68 ,$173.78 ,GOOGL,3
11/19/2024,$178.12 ,23434930,$173.72 ,$178.87 ,$173.56 ,GOOGL,3
11/18/2024,$175.30 ,20206610,$173.42 ,$175.44 ,$172.90 ,GOOGL,3
11/15/2024,$172.49 ,32504650,$173.73 ,$174.14 ,$171.22 ,GOOGL,3
11/14/2024,$175.58 ,31007460,$178.28 ,$178.82 ,$174.32 ,GOOGL,3
11/13/2024,$178.88 ,23184000,$180.46 ,$180.96 ,$178.54 ,GOOGL,3
11-12-24,$181.62 ,25134910,$179.82 ,$182.49 ,$179.39 ,GOOGL,3
11-11-24,$180.35 ,17450350,$178.58 ,$180.55 ,$178.47 ,GOOGL,3
11-08-24,$178.35 ,22006180,$180.65 ,$180.90 ,$178.08 ,GOOGL,3
11-07-24,$180.75 ,25352940,$177.41 ,$181.08 ,$177.19 ,GOOGL,3
11-06-24,$176.51 ,33695540,$173.80 ,$176.94 ,$173.50 ,GOOGL,3
11-05-24,$169.74 ,18242050,$169.43 ,$170.53 ,$168.84 ,GOOGL,3
11-04-24,$169.24 ,21492740,$169.93 ,$170.73 ,$168.01 ,GOOGL,3
11-01-24,$171.29 ,31796480,$170.07 ,$172.32 ,$168.88 ,GOOGL,3
10/31/2024,$171.11 ,44768980,$173.13 ,$176.82 ,$171.00 ,GOOGL,3
10/30/2024,$174.46 ,68890790,$180.68 ,$182.02 ,$174.06 ,GOOGL,3
10/29/2024,$169.68 ,42169030,$167.73 ,$170.38 ,$167.09 ,GOOGL,3
10/28/2024,$166.72 ,32138640,$168.75 ,$168.75 ,$163.95 ,GOOGL,3
10/25/2024,$165.27 ,19828880,$163.67 ,$165.59 ,$163.42 ,GOOGL,3
10/24/2024,$162.72 ,22412530,$162.83 ,$163.33 ,$161.01 ,GOOGL,3
10/23/2024,$162.78 ,18280520,$164.76 ,$165.82 ,$161.93 ,GOOGL,3
10/22/2024,$165.14 ,16568120,$162.98 ,$165.77 ,$162.98 ,GOOGL,3
10/21/2024,$164.07 ,20946460,$162.95 ,$164.50 ,$162.62 ,GOOGL,3
10/18/2024,$163.42 ,19757660,$163.19 ,$164.71 ,$163.08 ,GOOGL,3
10/17/2024,$162.93 ,21453400,$165.73 ,$166.37 ,$162.76 ,GOOGL,3
10/16/2024,$165.16 ,16406030,$164.53 ,$165.80 ,$163.74 ,GOOGL,3
10/15/2024,$165.46 ,20247200,$165.79 ,$167.68 ,$164.63 ,GOOGL,3
10/14/2024,$164.96 ,19016140,$163.64 ,$166.23 ,$163.40 ,GOOGL,3
10-11-24,$163.24 ,15344250,$162.13 ,$163.90 ,$161.24 ,GOOGL,3
10-10-24,$162.08 ,14144070,$160.87 ,$163.07 ,$160.40 ,GOOGL,3
10-09-24,$161.86 ,31181770,$163.45 ,$164.84 ,$159.74 ,GOOGL,3
10-08-24,$164.38 ,23072730,$163.94 ,$164.73 ,$162.87 ,GOOGL,3
10-07-24,$162.98 ,22463140,$167.72 ,$168.48 ,$162.75 ,GOOGL,3
10-04-24,$167.06 ,19093720,$168.06 ,$168.23 ,$165.48 ,GOOGL,3
10-03-24,$165.86 ,15073100,$164.41 ,$166.64 ,$163.92 ,GOOGL,3
10-02-24,$165.86 ,17760180,$166.42 ,$167.52 ,$164.73 ,GOOGL,3
10-01-24,$166.99 ,28338120,$167.69 ,$169.16 ,$164.58 ,GOOGL,3
09/30/2024,$165.85 ,20481300,$163.32 ,$166.15 ,$163.26 ,GOOGL,3
09/27/2024,$163.95 ,21101310,$162.81 ,$165.70 ,$162.63 ,GOOGL,3
09/26/2024,$162.73 ,20319340,$163.64 ,$164.08 ,$162.28 ,GOOGL,3
09/25/2024,$161.49 ,18869200,$161.47 ,$162.81 ,$161.30 ,GOOGL,3
09/24/2024,$162.29 ,23332150,$163.03 ,$163.22 ,$160.69 ,GOOGL,3
09/23/2024,$161.85 ,24150850,$164.35 ,$165.49 ,$161.67 ,GOOGL,3
09/20/2024,$163.59 ,40896440,$163.50 ,$163.73 ,$162.06 ,GOOGL,3
09/19/2024,$162.14 ,26587730,$163.71 ,$163.79 ,$161.34 ,GOOGL,3
09/18/2024,$159.81 ,23677320,$159.86 ,$160.50 ,$158.60 ,GOOGL,3
09/17/2024,$159.32 ,20715610,$159.02 ,$160.55 ,$158.38 ,GOOGL,3
09/16/2024,$158.06 ,18379780,$157.31 ,$158.25 ,$156.60 ,GOOGL,3
09/13/2024,$157.46 ,29591150,$155.43 ,$158.38 ,$155.21 ,GOOGL,3
09-12-24,$154.69 ,29695050,$153.80 ,$154.82 ,$152.65 ,GOOGL,3
09-11-24,$151.16 ,29607690,$149.92 ,$151.50 ,$147.52 ,GOOGL,3
09-10-24,$148.66 ,31118770,$150.45 ,$151.27 ,$148.34 ,GOOGL,3
09-09-24,$148.71 ,39260450,$152.51 ,$153.40 ,$147.22 ,GOOGL,3
09-06-24,$150.92 ,37912130,$157.30 ,$157.83 ,$150.55 ,GOOGL,3
09-05-24,$157.24 ,18688750,$156.30 ,$159.45 ,$155.98 ,GOOGL,3
09-04-24,$156.45 ,19353760,$156.66 ,$159.00 ,$155.96 ,GOOGL,3
09-03-24,$157.36 ,38945300,$161.72 ,$161.85 ,$156.48 ,GOOGL,3
08/30/2024,$163.38 ,22123810,$162.62 ,$163.66 ,$161.69 ,GOOGL,3
08/29/2024,$161.78 ,19699770,$164.31 ,$165.97 ,$160.25 ,GOOGL,3
08/28/2024,$162.85 ,16407440,$165.04 ,$165.60 ,$161.53 ,GOOGL,3
08/27/2024,$164.68 ,11821940,$165.84 ,$166.44 ,$164.46 ,GOOGL,3
08/26/2024,$166.16 ,14190420,$166.38 ,$167.55 ,$164.46 ,GOOGL,3
08/23/2024,$165.62 ,13955740,$164.72 ,$166.18 ,$163.83 ,GOOGL,3
08/22/2024,$163.80 ,22493280,$167.26 ,$167.59 ,$163.31 ,GOOGL,3
08/21/2024,$165.85 ,22902000,$165.15 ,$166.85 ,$164.67 ,GOOGL,3
08/20/2024,$167.18 ,18341530,$166.90 ,$168.64 ,$166.82 ,GOOGL,3
08/19/2024,$166.67 ,22416190,$165.28 ,$166.69 ,$164.26 ,GOOGL,3
08/16/2024,$162.96 ,24208650,$161.47 ,$165.06 ,$161.13 ,GOOGL,3
08/15/2024,$161.30 ,31524250,$160.50 ,$161.64 ,$159.61 ,GOOGL,3
08/14/2024,$160.37 ,40591130,$162.40 ,$163.22 ,$157.71 ,GOOGL,3
08/13/2024,$164.16 ,18551690,$163.41 ,$164.73 ,$162.97 ,GOOGL,3
08-12-24,$162.29 ,15895290,$164.35 ,$164.90 ,$161.84 ,GOOGL,3
08-09-24,$163.67 ,28602290,$160.01 ,$163.79 ,$159.06 ,GOOGL,3
08-08-24,$162.03 ,25578840,$160.51 ,$163.69 ,$160.21 ,GOOGL,3
08-07-24,$158.94 ,25138570,$161.25 ,$162.98 ,$158.47 ,GOOGL,3
08-06-24,$158.29 ,49004560,$159.33 ,$160.57 ,$156.41 ,GOOGL,3
08-05-24,$159.25 ,53630670,$155.50 ,$164.43 ,$154.93 ,GOOGL,3
08-02-24,$166.66 ,29130100,$166.44 ,$168.51 ,$164.67 ,GOOGL,3
08-01-24,$170.76 ,24531390,$170.25 ,$174.05 ,$168.88 ,GOOGL,3
07/31/2024,$171.54 ,25729090,$173.24 ,$174.25 ,$170.01 ,GOOGL,3
07/30/2024,$170.29 ,18959690,$170.24 ,$171.23 ,$168.44 ,GOOGL,3
07/29/2024,$169.53 ,20293820,$168.83 ,$170.43 ,$167.99 ,GOOGL,3
07/26/2024,$167.00 ,41336890,$167.15 ,$168.09 ,$164.06 ,GOOGL,3
07/25/2024,$167.28 ,44851970,$172.52 ,$173.42 ,$167.19 ,GOOGL,3
07/24/2024,$172.63 ,49585200,$173.60 ,$176.19 ,$171.82 ,GOOGL,3
07/23/2024,$181.79 ,36352710,$182.05 ,$183.61 ,$181.54 ,GOOGL,3
07/22/2024,$181.67 ,24100350,$180.59 ,$182.70 ,$180.23 ,GOOGL,3
07/19/2024,$177.66 ,18881890,$178.88 ,$180.29 ,$177.13 ,GOOGL,3
07/18/2024,$177.69 ,25315730,$181.93 ,$182.50 ,$176.47 ,GOOGL,3
07/17/2024,$181.02 ,20734070,$182.97 ,$183.55 ,$179.90 ,GOOGL,3
07/16/2024,$183.92 ,18290720,$187.36 ,$188.68 ,$183.37 ,GOOGL,3
07/15/2024,$186.53 ,16474040,$184.92 ,$188.24 ,$184.92 ,GOOGL,3
07-12-24,$185.07 ,22898410,$185.08 ,$187.11 ,$184.49 ,GOOGL,3
07-11-24,$185.57 ,25625780,$189.85 ,$190.86 ,$185.08 ,GOOGL,3
07-10-24,$191.18 ,15952450,$189.15 ,$191.75 ,$189.03 ,GOOGL,3
07-09-24,$188.98 ,15141310,$190.31 ,$191.36 ,$188.72 ,GOOGL,3
07-08-24,$189.03 ,21035890,$189.90 ,$190.17 ,$187.78 ,GOOGL,3
07-05-24,$190.60 ,20967450,$185.86 ,$190.86 ,$185.80 ,GOOGL,3
07-03-24,$185.82 ,10242130,$184.85 ,$186.09 ,$184.00 ,GOOGL,3
07-02-24,$185.24 ,17372490,$182.05 ,$185.57 ,$181.56 ,GOOGL,3
07-01-24,$182.99 ,16006130,$183.03 ,$183.88 ,$181.30 ,GOOGL,3
06/28/2024,$182.15 ,29156640,$184.32 ,$185.13 ,$181.96 ,GOOGL,3
06/27/2024,$185.41 ,18848880,$184.18 ,$186.05 ,$184.02 ,GOOGL,3
06/26/2024,$183.88 ,19838970,$182.63 ,$184.51 ,$182.48 ,GOOGL,3
06/25/2024,$184.03 ,23235590,$179.62 ,$184.29 ,$179.42 ,GOOGL,3
06/24/2024,$179.22 ,18298010,$180.16 ,$180.89 ,$178.67 ,GOOGL,3
06/21/2024,$179.63 ,58582740,$177.00 ,$180.85 ,$176.61 ,GOOGL,3
06/20/2024,$176.30 ,20160090,$175.37 ,$177.29 ,$174.99 ,GOOGL,3
06/18/2024,$175.09 ,21869860,$177.14 ,$177.39 ,$174.10 ,GOOGL,3
06/17/2024,$177.24 ,19618500,$175.46 ,$178.36 ,$174.81 ,GOOGL,3
06/14/2024,$176.79 ,18063560,$174.22 ,$177.06 ,$174.15 ,GOOGL,3
06/13/2024,$175.16 ,20913300,$176.11 ,$176.74 ,$174.88 ,GOOGL,3
06-12-24,$177.79 ,27864740,$178.25 ,$180.41 ,$176.11 ,GOOGL,3
06-11-24,$176.62 ,21540580,$176.22 ,$176.84 ,$173.77 ,GOOGL,3
06-10-24,$175.01 ,23779220,$174.97 ,$177.06 ,$172.76 ,GOOGL,3
06-07-24,$174.46 ,19661400,$177.05 ,$177.87 ,$174.30 ,GOOGL,3
06-06-24,$176.73 ,23251010,$175.90 ,$177.15 ,$175.75 ,GOOGL,3
06-05-24,$175.41 ,22068520,$175.20 ,$176.65 ,$173.93 ,GOOGL,3
06-04-24,$173.79 ,26879600,$173.28 ,$173.85 ,$171.89 ,GOOGL,3
06-03-24,$173.17 ,27459120,$172.54 ,$174.53 ,$171.16 ,GOOGL,3
05/31/2024,$172.50 ,37638880,$171.86 ,$173.06 ,$169.44 ,GOOGL,3
05/30/2024,$172.11 ,22958680,$175.20 ,$175.22 ,$171.79 ,GOOGL,3
05/29/2024,$175.90 ,23388690,$175.43 ,$176.84 ,$174.72 ,GOOGL,3
05/28/2024,$176.40 ,20572160,$174.45 ,$177.27 ,$174.37 ,GOOGL,3
05/24/2024,$174.99 ,16579440,$174.98 ,$175.77 ,$173.65 ,GOOGL,3
05/23/2024,$173.55 ,21024940,$177.07 ,$178.25 ,$172.95 ,GOOGL,3
05/22/2024,$176.38 ,17880040,$176.64 ,$177.15 ,$175.21 ,GOOGL,3
05/21/2024,$177.85 ,16989370,$176.90 ,$178.15 ,$175.81 ,GOOGL,3
05/20/2024,$176.92 ,22554400,$176.19 ,$178.77 ,$176.08 ,GOOGL,3
05/17/2024,$176.06 ,24479260,$174.18 ,$176.27 ,$173.69 ,GOOGL,3
05/16/2024,$174.18 ,27867950,$173.29 ,$175.12 ,$172.69 ,GOOGL,3
05/15/2024,$172.51 ,26948370,$170.63 ,$172.65 ,$170.51 ,GOOGL,3
05/14/2024,$170.34 ,25127140,$169.77 ,$171.25 ,$168.80 ,GOOGL,3
05/13/2024,$169.14 ,31327600,$164.26 ,$169.28 ,$164.00 ,GOOGL,3
05-10-24,$168.65 ,29799930,$168.03 ,$169.85 ,$166.19 ,GOOGL,3
05-09-24,$169.96 ,15346700,$169.39 ,$170.69 ,$168.18 ,GOOGL,3
05-08-24,$169.38 ,19569150,$169.00 ,$170.15 ,$168.74 ,GOOGL,3
05-07-24,$171.25 ,28039700,$168.50 ,$171.76 ,$168.39 ,GOOGL,3
05-06-24,$168.10 ,21871280,$167.46 ,$168.14 ,$166.03 ,GOOGL,3
05-03-24,$167.24 ,34662430,$167.56 ,$167.96 ,$163.05 ,GOOGL,3
05-02-24,$166.62 ,24294550,$164.79 ,$166.73 ,$163.89 ,GOOGL,3
05-01-24,$163.86 ,33493150,$164.30 ,$167.12 ,$163.09 ,GOOGL,3
04/30/2024,$162.78 ,33562860,$165.61 ,$168.10 ,$162.60 ,GOOGL,3
04/29/2024,$166.15 ,45610020,$169.06 ,$169.55 ,$165.21 ,GOOGL,3
04/26/2024,$171.95 ,64665300,$174.37 ,$174.71 ,$169.65 ,GOOGL,3
04/25/2024,$156.00 ,57109730,$151.33 ,$156.49 ,$150.87 ,GOOGL,3
04/24/2024,$159.13 ,22779110,$157.49 ,$159.57 ,$157.17 ,GOOGL,3
04/23/2024,$158.26 ,21151570,$156.96 ,$158.97 ,$156.28 ,GOOGL,3
04/22/2024,$156.28 ,26446210,$154.31 ,$157.64 ,$154.06 ,GOOGL,3
04/19/2024,$154.09 ,32615640,$156.20 ,$156.36 ,$152.30 ,GOOGL,3
04/18/2024,$156.01 ,19883040,$155.34 ,$156.94 ,$154.62 ,GOOGL,3
04/17/2024,$155.47 ,21763130,$155.62 ,$157.08 ,$154.58 ,GOOGL,3
04/16/2024,$154.40 ,20779500,$154.19 ,$155.65 ,$153.43 ,GOOGL,3
04/15/2024,$154.86 ,27136470,$158.86 ,$159.24 ,$154.59 ,GOOGL,3
04-12-24,$157.73 ,25353750,$157.96 ,$160.22 ,$157.14 ,GOOGL,3
04-11-24,$159.41 ,27166430,$156.91 ,$159.68 ,$156.46 ,GOOGL,3
04-10-24,$156.14 ,22838630,$156.21 ,$156.61 ,$154.68 ,GOOGL,3
04-09-24,$156.60 ,31113010,$156.09 ,$158.56 ,$155.19 ,GOOGL,3
04-08-24,$154.85 ,20701970,$152.78 ,$155.27 ,$152.61 ,GOOGL,3
04-05-24,$152.50 ,23459250,$150.03 ,$153.42 ,$149.60 ,GOOGL,3
04-04-24,$150.53 ,34724740,$153.50 ,$154.77 ,$150.45 ,GOOGL,3
04-03-24,$154.92 ,24704990,$153.60 ,$155.08 ,$152.73 ,GOOGL,3
04-02-24,$154.56 ,24585990,$153.50 ,$154.70 ,$152.15 ,GOOGL,3
04-01-24,$155.49 ,31730850,$150.69 ,$155.74 ,$150.61 ,GOOGL,3
03/28/2024,$150.93 ,24485390,$150.85 ,$151.43 ,$150.17 ,GOOGL,3
03/27/2024,$150.87 ,22879180,$151.18 ,$151.64 ,$148.90 ,GOOGL,3
03/26/2024,$150.67 ,22149140,$150.22 ,$152.26 ,$149.98 ,GOOGL,3
03/25/2024,$150.07 ,19229290,$149.94 ,$150.38 ,$147.82 ,GOOGL,3
03/22/2024,$150.77 ,29211770,$149.12 ,$151.58 ,$148.98 ,GOOGL,3
03/21/2024,$147.60 ,24755600,$149.47 ,$150.37 ,$146.90 ,GOOGL,3
03/20/2024,$148.74 ,21311500,$148.00 ,$148.86 ,$146.74 ,GOOGL,3
03/19/2024,$147.03 ,24070440,$148.16 ,$148.79 ,$146.08 ,GOOGL,3
03/18/2024,$147.68 ,69273700,$148.61 ,$152.15 ,$147.17 ,GOOGL,3
03/15/2024,$141.18 ,49475420,$142.50 ,$143.18 ,$140.03 ,GOOGL,3
03/14/2024,$143.10 ,42753390,$141.19 ,$143.59 ,$140.46 ,GOOGL,3
03/13/2024,$139.79 ,23347210,$139.00 ,$141.09 ,$138.99 ,GOOGL,3
03-12-24,$138.50 ,27563350,$137.03 ,$139.38 ,$137.03 ,GOOGL,3
03-11-24,$137.67 ,32437770,$136.13 ,$139.10 ,$136.13 ,GOOGL,3
03-08-24,$135.41 ,39370390,$134.21 ,$138.09 ,$134.00 ,GOOGL,3
03-07-24,$134.38 ,37738210,$132.80 ,$134.94 ,$131.61 ,GOOGL,3
03-06-24,$131.40 ,35318610,$133.12 ,$133.58 ,$130.85 ,GOOGL,3
03-05-24,$132.67 ,40194760,$131.88 ,$133.24 ,$130.67 ,GOOGL,3
03-04-24,$133.35 ,55999420,$135.66 ,$135.66 ,$131.91 ,GOOGL,3
03-01-24,$137.14 ,31151120,$138.43 ,$138.87 ,$136.92 ,GOOGL,3
02/29/2024,$138.46 ,42132950,$137.28 ,$138.86 ,$136.40 ,GOOGL,3
02/28/2024,$136.38 ,37328560,$137.90 ,$138.01 ,$135.41 ,GOOGL,3
02/27/2024,$138.88 ,33099190,$138.02 ,$139.25 ,$137.09 ,GOOGL,3
02/26/2024,$137.57 ,53641800,$142.14 ,$142.44 ,$137.39 ,GOOGL,3
02/23/2024,$143.96 ,19493750,$143.67 ,$144.68 ,$143.43 ,GOOGL,3
02/22/2024,$144.09 ,27191890,$144.93 ,$145.00 ,$142.80 ,GOOGL,3
02/21/2024,$142.55 ,23315690,$141.45 ,$142.69 ,$140.68 ,GOOGL,3
02/20/2024,$141.12 ,24935710,$139.66 ,$142.08 ,$139.49 ,GOOGL,3
02/16/2024,$140.52 ,31468930,$142.99 ,$143.19 ,$140.14 ,GOOGL,3
02/15/2024,$142.77 ,37590700,$143.14 ,$143.52 ,$140.46 ,GOOGL,3
02/14/2024,$145.94 ,22704170,$146.08 ,$146.52 ,$144.09 ,GOOGL,3
02/13/2024,$145.14 ,27837730,$144.92 ,$146.67 ,$143.69 ,GOOGL,3
02-12-24,$147.53 ,21564090,$148.42 ,$149.34 ,$147.37 ,GOOGL,3
02-09-24,$149.00 ,26829500,$146.68 ,$149.44 ,$146.18 ,GOOGL,3
02-08-24,$145.91 ,22563760,$145.83 ,$146.33 ,$145.11 ,GOOGL,3
02-07-24,$145.54 ,25208860,$144.76 ,$145.62 ,$143.93 ,GOOGL,3
02-06-24,$144.10 ,29128200,$144.65 ,$145.36 ,$143.19 ,GOOGL,3
02-05-24,$143.68 ,38505410,$142.82 ,$145.47 ,$142.78 ,GOOGL,3
02-02-24,$142.38 ,62499570,$139.26 ,$142.62 ,$136.50 ,GOOGL,3
02-01-24,$141.16 ,40466550,$142.12 ,$143.06 ,$140.79 ,GOOGL,3
01/31/2024,$140.10 ,71910040,$143.62 ,$144.00 ,$139.87 ,GOOGL,3
01/30/2024,$151.46 ,36331830,$152.80 ,$153.62 ,$151.19 ,GOOGL,3
01/29/2024,$153.51 ,27784260,$152.06 ,$153.78 ,$151.43 ,GOOGL,3
01/26/2024,$152.19 ,26115490,$151.10 ,$152.54 ,$151.01 ,GOOGL,3
01/25/2024,$151.87 ,29149070,$150.07 ,$153.05 ,$149.54 ,GOOGL,3
01/24/2024,$148.70 ,25233450,$148.54 ,$149.86 ,$148.10 ,GOOGL,3
01/23/2024,$147.04 ,21636130,$145.89 ,$147.18 ,$145.50 ,GOOGL,3
01/22/2024,$145.99 ,32200370,$147.10 ,$148.39 ,$145.84 ,GOOGL,3
01/19/2024,$146.38 ,34271870,$144.74 ,$146.45 ,$144.38 ,GOOGL,3
01/18/2024,$143.48 ,25746420,$142.05 ,$144.21 ,$141.99 ,GOOGL,3
01/17/2024,$141.47 ,20968650,$141.35 ,$141.84 ,$138.90 ,GOOGL,3
01/16/2024,$142.49 ,22670470,$142.00 ,$144.35 ,$141.45 ,GOOGL,3
01-12-24,$142.65 ,18785510,$142.67 ,$143.20 ,$141.82 ,GOOGL,3
01-11-24,$142.08 ,24008720,$143.49 ,$145.22 ,$140.64 ,GOOGL,3
01-10-24,$142.28 ,21320200,$141.00 ,$143.00 ,$140.91 ,GOOGL,3
01-09-24,$140.95 ,24759600,$138.50 ,$141.49 ,$138.15 ,GOOGL,3
01-08-24,$138.84 ,21403980,$136.29 ,$139.01 ,$136.26 ,GOOGL,3
01-05-24,$135.73 ,22513850,$136.75 ,$137.16 ,$135.15 ,GOOGL,3
01-04-24,$136.39 ,27137740,$138.42 ,$139.16 ,$136.35 ,GOOGL,3
01-03-24,$138.92 ,24212150,$137.25 ,$139.63 ,$137.08 ,GOOGL,3
01-02-24,$138.17 ,23711220,$138.55 ,$139.45 ,$136.48 ,GOOGL,3
12/29/2023,$139.69 ,18733020,$139.63 ,$140.36 ,$138.78 ,GOOGL,3
12/28/2023,$140.23 ,16045710,$140.78 ,$141.14 ,$139.75 ,GOOGL,3
12/27/2023,$140.37 ,19628620,$141.59 ,$142.08 ,$139.89 ,GOOGL,3
12/26/2023,$141.52 ,16780330,$141.59 ,$142.68 ,$141.19 ,GOOGL,3
12/22/2023,$141.49 ,26532200,$140.77 ,$141.99 ,$140.71 ,GOOGL,3
12/21/2023,$140.42 ,27488280,$139.49 ,$140.69 ,$139.18 ,GOOGL,3
12/20/2023,$138.34 ,49107180,$138.97 ,$141.70 ,$138.07 ,GOOGL,3
12/19/2023,$136.65 ,25476750,$136.84 ,$137.47 ,$136.08 ,GOOGL,3
12/18/2023,$135.80 ,32257970,$132.63 ,$137.15 ,$132.43 ,GOOGL,3
12/15/2023,$132.60 ,50847110,$131.62 ,$133.51 ,$131.18 ,GOOGL,3
12/14/2023,$131.94 ,38722410,$133.38 ,$133.72 ,$129.69 ,GOOGL,3
12/13/2023,$132.57 ,30104780,$133.38 ,$133.50 ,$131.57 ,GOOGL,3
12-12-23,$132.52 ,29032830,$131.81 ,$133.00 ,$131.26 ,GOOGL,3
12-11-23,$133.29 ,31138010,$132.38 ,$133.34 ,$131.36 ,GOOGL,3
12-08-23,$134.99 ,32260110,$134.20 ,$136.40 ,$134.03 ,GOOGL,3
12-07-23,$136.93 ,56767100,$135.04 ,$138.56 ,$134.70 ,GOOGL,3
12-06-23,$130.02 ,23576180,$131.44 ,$131.84 ,$129.88 ,GOOGL,3
12-05-23,$130.99 ,27384780,$128.95 ,$132.14 ,$128.25 ,GOOGL,3
12-04-23,$129.27 ,36669880,$129.88 ,$130.03 ,$127.90 ,GOOGL,3
12-01-23,$131.86 ,31442260,$131.86 ,$132.11 ,$130.67 ,GOOGL,3
11/30/2023,$132.53 ,38988260,$135.05 ,$135.55 ,$131.28 ,GOOGL,3
11/29/2023,$134.99 ,23967220,$137.57 ,$138.29 ,$134.84 ,GOOGL,3
11/28/2023,$137.20 ,18730030,$136.08 ,$137.25 ,$135.42 ,GOOGL,3
11/27/2023,$136.41 ,23436530,$136.03 ,$138.42 ,$136.00 ,GOOGL,3
11/24/2023,$136.69 ,12514320,$138.03 ,$138.13 ,$135.99 ,GOOGL,3
11/22/2023,$138.49 ,17820460,$137.47 ,$139.42 ,$137.47 ,GOOGL,3
11/21/2023,$136.97 ,22635270,$136.29 ,$137.18 ,$135.96 ,GOOGL,3
11/20/2023,$136.25 ,27850760,$133.69 ,$136.66 ,$133.62 ,GOOGL,3
11/17/2023,$135.31 ,37287690,$136.00 ,$136.06 ,$133.65 ,GOOGL,3
11/16/2023,$136.93 ,28013180,$135.19 ,$137.22 ,$134.32 ,GOOGL,3
11/15/2023,$134.62 ,23861520,$134.87 ,$135.03 ,$133.57 ,GOOGL,3
11/14/2023,$133.62 ,32395180,$134.19 ,$135.70 ,$133.32 ,GOOGL,3
11/13/2023,$132.09 ,18324750,$131.78 ,$132.59 ,$131.25 ,GOOGL,3
11-10-23,$132.59 ,26927830,$130.11 ,$132.80 ,$129.41 ,GOOGL,3
11-09-23,$130.24 ,23747770,$131.96 ,$132.55 ,$130.07 ,GOOGL,3
11-08-23,$131.84 ,26425850,$130.97 ,$132.21 ,$130.78 ,GOOGL,3
11-07-23,$130.97 ,29757280,$130.71 ,$131.91 ,$129.88 ,GOOGL,3
11-06-23,$130.25 ,19052740,$129.05 ,$130.34 ,$128.67 ,GOOGL,3
11-03-23,$129.10 ,26393110,$128.02 ,$129.53 ,$127.86 ,GOOGL,3
11-02-23,$127.49 ,27124650,$128.42 ,$128.98 ,$126.93 ,GOOGL,3
11-01-23,$126.45 ,30082440,$124.07 ,$126.49 ,$123.72 ,GOOGL,3
10/31/2023,$124.08 ,26292340,$125.06 ,$125.37 ,$122.69 ,GOOGL,3
10/30/2023,$124.46 ,28940080,$123.21 ,$125.40 ,$122.75 ,GOOGL,3
10/27/2023,$122.17 ,44566510,$122.88 ,$123.31 ,$120.21 ,GOOGL,3
10/26/2023,$122.28 ,57061140,$123.27 ,$124.33 ,$121.27 ,GOOGL,3
10/25/2023,$125.61 ,84366210,$128.16 ,$128.31 ,$125.07 ,GOOGL,3
10/24/2023,$138.81 ,44814320,$137.83 ,$139.36 ,$137.42 ,GOOGL,3
10/23/2023,$136.50 ,26317930,$135.04 ,$137.66 ,$133.95 ,GOOGL,3
10/20/2023,$135.60 ,26335670,$137.33 ,$137.87 ,$135.08 ,GOOGL,3
10/19/2023,$137.75 ,26066010,$138.50 ,$139.66 ,$137.38 ,GOOGL,3
10/18/2023,$137.96 ,23375000,$139.45 ,$140.72 ,$137.38 ,GOOGL,3
10/17/2023,$139.72 ,23515780,$138.63 ,$139.90 ,$137.18 ,GOOGL,3
10/16/2023,$139.10 ,28501870,$138.17 ,$139.63 ,$137.99 ,GOOGL,3
10/13/2023,$137.36 ,23435600,$139.38 ,$140.00 ,$136.62 ,GOOGL,3
10-12-23,$138.97 ,24765540,$141.05 ,$141.22 ,$138.26 ,GOOGL,3
10-11-23,$140.55 ,25884300,$138.58 ,$141.11 ,$138.58 ,GOOGL,3
10-10-23,$138.06 ,27786610,$138.50 ,$139.72 ,$137.33 ,GOOGL,3
10-09-23,$138.42 ,19278070,$136.94 ,$138.94 ,$135.61 ,GOOGL,3
10-06-23,$137.58 ,27597600,$134.01 ,$138.16 ,$134.01 ,GOOGL,3
10-05-23,$135.07 ,19832620,$135.07 ,$135.49 ,$133.45 ,GOOGL,3
10-04-23,$135.24 ,26752300,$132.79 ,$135.57 ,$132.53 ,GOOGL,3
10-03-23,$132.43 ,22989400,$133.94 ,$134.26 ,$131.84 ,GOOGL,3
10-02-23,$134.17 ,22288040,$131.21 ,$134.42 ,$131.17 ,GOOGL,3
09/29/2023,$130.86 ,30859790,$133.28 ,$134.05 ,$130.36 ,GOOGL,3
09/28/2023,$132.31 ,22513130,$129.84 ,$133.30 ,$129.79 ,GOOGL,3
09/27/2023,$130.54 ,22746450,$128.57 ,$130.90 ,$128.57 ,GOOGL,3
09/26/2023,$128.57 ,25718700,$129.77 ,$130.36 ,$127.22 ,GOOGL,3
09/25/2023,$131.11 ,20094640,$129.83 ,$131.17 ,$128.96 ,GOOGL,3
09/22/2023,$130.25 ,26397340,$130.76 ,$132.03 ,$129.60 ,GOOGL,3
09/21/2023,$130.44 ,31503910,$131.44 ,$132.23 ,$130.07 ,GOOGL,3
09/20/2023,$133.74 ,29927480,$138.08 ,$138.08 ,$133.62 ,GOOGL,3
09/19/2023,$138.04 ,20353650,$137.42 ,$138.41 ,$136.62 ,GOOGL,3
09/18/2023,$138.21 ,21861350,$136.61 ,$139.16 ,$136.61 ,GOOGL,3
09/15/2023,$137.40 ,38919610,$137.98 ,$138.52 ,$136.48 ,GOOGL,3
09/14/2023,$138.10 ,24750970,$137.60 ,$138.70 ,$136.24 ,GOOGL,3
09/13/2023,$136.71 ,20749500,$135.09 ,$136.90 ,$134.15 ,GOOGL,3
09-12-23,$135.34 ,18405510,$136.26 ,$136.87 ,$135.19 ,GOOGL,3
09-11-23,$136.92 ,20763350,$136.54 ,$137.48 ,$135.79 ,GOOGL,3
09-08-23,$136.38 ,23584190,$134.91 ,$136.66 ,$134.85 ,GOOGL,3
09-07-23,$135.26 ,18844340,$133.59 ,$135.58 ,$132.95 ,GOOGL,3
09-06-23,$134.46 ,18684530,$136.02 ,$136.53 ,$133.67 ,GOOGL,3
09-05-23,$135.77 ,19403110,$135.44 ,$136.42 ,$134.58 ,GOOGL,3
09-01-23,$135.66 ,21543690,$137.46 ,$137.46 ,$134.85 ,GOOGL,3
08/31/2023,$136.17 ,30053800,$136.01 ,$138.00 ,$135.79 ,GOOGL,3
08/30/2023,$135.88 ,28315770,$134.78 ,$136.28 ,$134.07 ,GOOGL,3
08/29/2023,$134.57 ,43075560,$132.24 ,$136.57 ,$132.24 ,GOOGL,3
08/28/2023,$131.01 ,20543270,$131.31 ,$132.54 ,$130.14 ,GOOGL,3
08/25/2023,$129.88 ,26762890,$129.54 ,$130.76 ,$127.25 ,GOOGL,3
08/24/2023,$129.78 ,28500690,$133.95 ,$134.25 ,$129.57 ,GOOGL,3
08/23/2023,$132.37 ,27819710,$130.18 ,$133.41 ,$129.87 ,GOOGL,3
08/22/2023,$129.08 ,22067520,$128.51 ,$130.28 ,$128.32 ,GOOGL,3
08/21/2023,$128.37 ,25248730,$127.18 ,$128.73 ,$126.56 ,GOOGL,3
08/18/2023,$127.46 ,30504770,$128.51 ,$129.25 ,$126.38 ,GOOGL,3
08/17/2023,$129.92 ,33446280,$129.80 ,$131.99 ,$129.29 ,GOOGL,3
08/16/2023,$128.70 ,25216070,$128.70 ,$130.28 ,$127.87 ,GOOGL,3
08/15/2023,$129.78 ,19770730,$131.10 ,$131.42 ,$129.28 ,GOOGL,3
08/14/2023,$131.33 ,24695610,$129.39 ,$131.37 ,$128.96 ,GOOGL,3
08-11-23,$129.56 ,19591080,$128.66 ,$129.93 ,$128.17 ,GOOGL,3
08-10-23,$129.69 ,20857750,$131.32 ,$132.05 ,$129.45 ,GOOGL,3
08-09-23,$129.66 ,24912920,$131.66 ,$132.04 ,$129.00 ,GOOGL,3
08-08-23,$131.40 ,23535180,$130.62 ,$131.51 ,$129.55 ,GOOGL,3
08-07-23,$131.53 ,22746290,$129.16 ,$131.61 ,$129.02 ,GOOGL,3
08-04-23,$128.11 ,26147160,$129.28 ,$131.51 ,$127.91 ,GOOGL,3
08-03-23,$128.45 ,20159530,$127.97 ,$129.39 ,$127.42 ,GOOGL,3
08-02-23,$128.38 ,26273260,$129.45 ,$130.09 ,$127.56 ,GOOGL,3
08-01-23,$131.55 ,23276440,$130.78 ,$132.63 ,$130.68 ,GOOGL,3
07/31/2023,$132.72 ,28055530,$132.73 ,$133.53 ,$131.78 ,GOOGL,3
07/28/2023,$132.58 ,36591160,$130.78 ,$133.74 ,$130.57 ,GOOGL,3
07/27/2023,$129.40 ,44952070,$131.67 ,$133.24 ,$128.79 ,GOOGL,3
07/26/2023,$129.27 ,61682090,$130.07 ,$130.98 ,$128.32 ,GOOGL,3
07/25/2023,$122.21 ,52509550,$121.36 ,$123.15 ,$121.02 ,GOOGL,3
07/24/2023,$121.53 ,29723670,$121.66 ,$123.00 ,$120.98 ,GOOGL,3
07/21/2023,$120.02 ,71606470,$120.62 ,$120.99 ,$118.73 ,GOOGL,3
07/20/2023,$119.20 ,37906760,$121.42 ,$124.09 ,$118.22 ,GOOGL,3
07/19/2023,$122.03 ,37224030,$124.60 ,$125.18 ,$121.80 ,GOOGL,3
07/18/2023,$123.76 ,26226450,$124.60 ,$124.68 ,$122.96 ,GOOGL,3
07/17/2023,$124.65 ,25716220,$125.94 ,$127.10 ,$124.20 ,GOOGL,3
07/14/2023,$125.42 ,33283080,$124.80 ,$126.78 ,$123.49 ,GOOGL,3
07/13/2023,$124.54 ,44297920,$120.93 ,$124.83 ,$120.45 ,GOOGL,3
07-12-23,$118.93 ,30404410,$118.80 ,$120.33 ,$118.41 ,GOOGL,3
07-11-23,$117.14 ,23078780,$116.29 ,$117.71 ,$115.35 ,GOOGL,3
07-10-23,$116.45 ,35315240,$118.30 ,$118.31 ,$116.14 ,GOOGL,3
07-07-23,$119.48 ,21709550,$120.10 ,$121.05 ,$119.40 ,GOOGL,3
07-06-23,$120.11 ,24778800,$119.80 ,$120.30 ,$118.40 ,GOOGL,3
07-05-23,$121.75 ,27584810,$119.24 ,$122.61 ,$119.23 ,GOOGL,3
07-03-23,$119.90 ,14442850,$119.24 ,$120.19 ,$118.82 ,GOOGL,3
06/30/2023,$119.70 ,29532240,$120.17 ,$121.08 ,$119.69 ,GOOGL,3
06/29/2023,$119.10 ,24090900,$119.24 ,$120.06 ,$118.30 ,GOOGL,3
06/28/2023,$120.18 ,27091450,$117.09 ,$120.39 ,$116.85 ,GOOGL,3
06/27/2023,$118.33 ,39535940,$117.08 ,$119.08 ,$116.10 ,GOOGL,3
06/26/2023,$118.34 ,33969900,$120.76 ,$122.00 ,$118.27 ,GOOGL,3
06/23/2023,$122.34 ,34913640,$121.38 ,$122.79 ,$121.06 ,GOOGL,3
06/22/2023,$123.15 ,26952250,$120.00 ,$123.24 ,$118.83 ,GOOGL,3
06/21/2023,$120.55 ,30306340,$122.40 ,$122.66 ,$120.10 ,GOOGL,3
06/20/2023,$123.10 ,26097490,$122.93 ,$124.57 ,$122.14 ,GOOGL,3
06/16/2023,$123.53 ,45535550,$125.93 ,$126.11 ,$123.28 ,GOOGL,3
06/15/2023,$125.09 ,35246270,$123.14 ,$125.46 ,$122.40 ,GOOGL,3
06/14/2023,$123.67 ,30592300,$123.10 ,$124.05 ,$121.45 ,GOOGL,3
06/13/2023,$123.83 ,22278310,$124.98 ,$125.16 ,$123.18 ,GOOGL,3
06-12-23,$123.64 ,28338740,$122.79 ,$124.05 ,$121.66 ,GOOGL,3
06-09-23,$122.23 ,23778320,$122.25 ,$123.76 ,$121.91 ,GOOGL,3
06-08-23,$122.14 ,29389170,$122.23 ,$123.23 ,$121.24 ,GOOGL,3
06-07-23,$122.50 ,52538990,$126.97 ,$129.04 ,$122.12 ,GOOGL,3
06-06-23,$127.31 ,26638300,$126.01 ,$128.29 ,$125.36 ,GOOGL,3
06-05-23,$126.01 ,32305530,$124.01 ,$127.43 ,$123.84 ,GOOGL,3
06-02-23,$124.67 ,26980150,$123.99 ,$126.15 ,$123.76 ,GOOGL,3
06-01-23,$123.72 ,30772680,$122.82 ,$124.42 ,$122.62 ,GOOGL,3
05/31/2023,$122.87 ,37325790,$122.75 ,$124.06 ,$122.50 ,GOOGL,3
05/30/2023,$123.67 ,35076660,$125.64 ,$125.66 ,$122.00 ,GOOGL,3
05/26/2023,$124.61 ,35635940,$123.17 ,$125.26 ,$122.45 ,GOOGL,3
05/25/2023,$123.48 ,42316990,$124.52 ,$125.32 ,$121.96 ,GOOGL,3
05/24/2023,$120.90 ,34182640,$121.12 ,$121.91 ,$119.86 ,GOOGL,3
05/23/2023,$122.56 ,34046250,$124.16 ,$124.63 ,$122.21 ,GOOGL,3
05/22/2023,$125.05 ,35253030,$122.94 ,$126.43 ,$122.74 ,GOOGL,3
05/19/2023,$122.76 ,41353450,$123.55 ,$125.97 ,$122.15 ,GOOGL,3
05/18/2023,$122.83 ,35234230,$120.95 ,$123.31 ,$120.83 ,GOOGL,3
05/17/2023,$120.84 ,33323590,$119.61 ,$121.67 ,$118.89 ,GOOGL,3
05/16/2023,$119.51 ,45035560,$116.49 ,$120.75 ,$116.43 ,GOOGL,3
05/15/2023,$116.51 ,36266770,$116.11 ,$118.48 ,$116.01 ,GOOGL,3
05-12-23,$117.51 ,41102330,$116.68 ,$118.03 ,$116.11 ,GOOGL,3
05-11-23,$116.57 ,78900030,$115.40 ,$117.92 ,$114.41 ,GOOGL,3
05-10-23,$111.75 ,63153370,$107.97 ,$112.94 ,$107.93 ,GOOGL,3
05-09-23,$107.35 ,36360140,$108.39 ,$110.15 ,$107.19 ,GOOGL,3
05-08-23,$107.77 ,26511450,$105.18 ,$107.96 ,$105.16 ,GOOGL,3
05-05-23,$105.57 ,26639250,$104.82 ,$105.88 ,$104.11 ,GOOGL,3
05-04-23,$104.69 ,23419510,$105.49 ,$105.60 ,$103.97 ,GOOGL,3
05-03-23,$105.41 ,21795410,$105.53 ,$107.49 ,$104.96 ,GOOGL,3
05-02-23,$105.32 ,30997250,$107.14 ,$107.20 ,$103.71 ,GOOGL,3
05-01-23,$107.20 ,26681680,$106.84 ,$107.99 ,$106.82 ,GOOGL,3
04/28/2023,$107.34 ,36139850,$107.04 ,$107.35 ,$105.09 ,GOOGL,3
04/27/2023,$107.59 ,50089190,$104.45 ,$108.37 ,$103.54 ,GOOGL,3
04/26/2023,$103.71 ,53347560,$104.92 ,$106.35 ,$102.63 ,GOOGL,3
04/25/2023,$103.85 ,46664100,$105.83 ,$106.69 ,$103.84 ,GOOGL,3
04/24/2023,$105.97 ,23542830,$105.49 ,$106.63 ,$104.70 ,GOOGL,3
04/21/2023,$105.41 ,25800080,$105.47 ,$106.00 ,$104.78 ,GOOGL,3
04/20/2023,$105.29 ,27820790,$103.91 ,$106.25 ,$103.87 ,GOOGL,3
04/19/2023,$104.18 ,20905680,$103.58 ,$104.98 ,$103.07 ,GOOGL,3
04/18/2023,$104.50 ,26596450,$106.49 ,$106.54 ,$104.07 ,GOOGL,3
04/17/2023,$105.97 ,37571220,$104.66 ,$106.16 ,$104.52 ,GOOGL,3
04/14/2023,$108.87 ,26578000,$106.89 ,$108.94 ,$106.84 ,GOOGL,3
04/13/2023,$107.43 ,24843580,$105.84 ,$107.49 ,$105.84 ,GOOGL,3
04-12-23,$104.64 ,24370270,$106.58 ,$106.75 ,$104.34 ,GOOGL,3
04-11-23,$105.35 ,26311800,$106.55 ,$106.73 ,$104.68 ,GOOGL,3
04-10-23,$106.44 ,27067360,$106.98 ,$107.59 ,$105.12 ,GOOGL,3
04-06-23,$108.42 ,48711480,$105.26 ,$109.17 ,$104.33 ,GOOGL,3
04-05-23,$104.47 ,28290500,$105.78 ,$106.10 ,$103.66 ,GOOGL,3
04-04-23,$104.72 ,24420080,$104.33 ,$105.58 ,$104.04 ,GOOGL,3
04-03-23,$104.36 ,25035400,$102.39 ,$104.53 ,$101.93 ,GOOGL,3
03/31/2023,$103.73 ,36863370,$101.30 ,$103.89 ,$101.04 ,GOOGL,3
03/30/2023,$100.89 ,33086180,$100.91 ,$101.16 ,$99.78 ,GOOGL,3
03/29/2023,$101.39 ,28779570,$102.28 ,$102.49 ,$100.65 ,GOOGL,3
03/28/2023,$101.03 ,32057870,$102.44 ,$102.45 ,$99.74 ,GOOGL,3
03/27/2023,$102.46 ,31120860,$104.62 ,$104.76 ,$101.93 ,GOOGL,3
03/24/2023,$105.44 ,30411040,$104.99 ,$105.49 ,$103.84 ,GOOGL,3
03/23/2023,$105.60 ,40797770,$105.06 ,$106.30 ,$104.46 ,GOOGL,3
03/22/2023,$103.37 ,43427420,$104.27 ,$106.59 ,$103.33 ,GOOGL,3
03/21/2023,$104.92 ,42110280,$101.25 ,$105.10 ,$101.22 ,GOOGL,3
03/20/2023,$101.22 ,32960440,$100.12 ,$101.75 ,$99.87 ,GOOGL,3
03/17/2023,$101.62 ,61028550,$100.26 ,$102.84 ,$100.10 ,GOOGL,3
03/16/2023,$100.32 ,65567660,$96.20 ,$101.19 ,$95.50 ,GOOGL,3
03/15/2023,$96.11 ,50622050,$93.22 ,$96.93 ,$92.64 ,GOOGL,3
03/14/2023,$93.97 ,36050210,$92.56 ,$94.36 ,$92.44 ,GOOGL,3
03/13/2023,$91.11 ,37335570,$90.09 ,$92.57 ,$89.42 ,GOOGL,3
03-10-23,$90.63 ,35941050,$92.17 ,$92.79 ,$90.40 ,GOOGL,3
03-09-23,$92.32 ,28813530,$94.05 ,$95.53 ,$91.90 ,GOOGL,3
03-08-23,$94.25 ,34103270,$94.12 ,$95.96 ,$94.00 ,GOOGL,3
03-07-23,$93.86 ,27835480,$94.98 ,$95.67 ,$93.53 ,GOOGL,3
03-06-23,$95.13 ,32639310,$94.02 ,$95.97 ,$94.00 ,GOOGL,3
03-03-23,$93.65 ,35160110,$92.48 ,$93.73 ,$92.45 ,GOOGL,3
03-02-23,$92.00 ,32226230,$89.66 ,$92.28 ,$89.59 ,GOOGL,3
03-01-23,$90.36 ,31111230,$89.98 ,$91.03 ,$89.67 ,GOOGL,3
02/28/2023,$90.06 ,30142040,$89.33 ,$91.23 ,$89.32 ,GOOGL,3
02/27/2023,$89.87 ,27502300,$89.87 ,$90.16 ,$89.34 ,GOOGL,3
02/24/2023,$89.13 ,36585090,$89.44 ,$89.89 ,$88.58 ,GOOGL,3
02/23/2023,$90.89 ,41206380,$91.92 ,$91.94 ,$89.76 ,GOOGL,3
02/22/2023,$91.65 ,30884020,$91.70 ,$92.11 ,$90.61 ,GOOGL,3
02/21/2023,$91.79 ,33629260,$93.00 ,$93.10 ,$91.72 ,GOOGL,3
02/17/2023,$94.35 ,34284120,$94.85 ,$95.56 ,$93.21 ,GOOGL,3
02/16/2023,$95.51 ,42462620,$95.37 ,$97.68 ,$94.74 ,GOOGL,3
02/15/2023,$96.94 ,50298480,$94.49 ,$97.12 ,$94.15 ,GOOGL,3
02/14/2023,$94.68 ,54726120,$94.43 ,$94.85 ,$92.26 ,GOOGL,3
02/13/2023,$94.61 ,50076120,$94.74 ,$95.20 ,$93.84 ,GOOGL,3
02-10-23,$94.57 ,54980700,$95.45 ,$96.75 ,$94.25 ,GOOGL,3
02-09-23,$95.01 ,119455000,$100.00 ,$100.03 ,$93.63 ,GOOGL,3
02-08-23,$99.37 ,94743520,$102.05 ,$103.14 ,$98.04 ,GOOGL,3
02-07-23,$107.64 ,49010230,$103.22 ,$108.18 ,$103.12 ,GOOGL,3
02-06-23,$102.90 ,31999560,$102.40 ,$104.36 ,$101.88 ,GOOGL,3
02-03-23,$104.78 ,65309260,$102.93 ,$107.81 ,$102.58 ,GOOGL,3
02-02-23,$107.74 ,69883760,$105.80 ,$107.85 ,$105.61 ,GOOGL,3
02-01-23,$100.43 ,35531100,$98.71 ,$101.19 ,$97.58 ,GOOGL,3
01/31/2023,$98.84 ,29870670,$96.87 ,$98.88 ,$96.82 ,GOOGL,3
01/30/2023,$96.94 ,27226200,$97.48 ,$98.29 ,$96.40 ,GOOGL,3
01/27/2023,$99.37 ,33879750,$97.31 ,$100.32 ,$97.31 ,GOOGL,3
01/26/2023,$97.52 ,30113970,$96.50 ,$97.57 ,$95.38 ,GOOGL,3
01/25/2023,$95.22 ,42329950,$95.57 ,$96.16 ,$93.76 ,GOOGL,3
01/24/2023,$97.70 ,33078510,$98.10 ,$99.61 ,$97.20 ,GOOGL,3
01/23/2023,$99.79 ,40005060,$97.95 ,$100.04 ,$97.50 ,GOOGL,3
01/20/2023,$98.02 ,63191080,$95.10 ,$98.30 ,$95.02 ,GOOGL,3
01/19/2023,$93.05 ,37000400,$90.72 ,$93.61 ,$90.63 ,GOOGL,3
01/18/2023,$91.12 ,29116690,$92.14 ,$92.80 ,$90.64 ,GOOGL,3
01/17/2023,$91.29 ,32602420,$92.06 ,$92.25 ,$90.05 ,GOOGL,3
01/13/2023,$92.12 ,26329210,$90.85 ,$92.19 ,$90.13 ,GOOGL,3
01-12-23,$91.13 ,30258140,$91.48 ,$91.87 ,$89.75 ,GOOGL,3
01-11-23,$91.52 ,26861970,$89.18 ,$91.60 ,$89.01 ,GOOGL,3
01-10-23,$88.42 ,30467760,$85.98 ,$88.67 ,$85.83 ,GOOGL,3
01-09-23,$88.02 ,29003900,$88.36 ,$90.05 ,$87.86 ,GOOGL,3
01-06-23,$87.34 ,41381500,$86.79 ,$87.69 ,$84.86 ,GOOGL,3
01-05-23,$86.20 ,27194380,$87.47 ,$87.57 ,$85.90 ,GOOGL,3
01-04-23,$88.08 ,34854780,$90.35 ,$90.65 ,$87.27 ,GOOGL,3
01-03-23,$89.12 ,28131220,$89.59 ,$91.05 ,$88.52 ,GOOGL,3
12/30/2022,$88.23 ,23986300,$86.98 ,$88.30 ,$86.57 ,GOOGL,3
12/29/2022,$88.45 ,23333540,$86.62 ,$88.85 ,$86.61 ,GOOGL,3
12/28/2022,$86.02 ,19523180,$86.98 ,$88.04 ,$85.94 ,GOOGL,3
12/27/2022,$87.39 ,20097350,$88.80 ,$88.94 ,$87.01 ,GOOGL,3
12/23/2022,$89.23 ,23003040,$87.11 ,$89.55 ,$87.07 ,GOOGL,3
12/22/2022,$87.76 ,27658290,$88.16 ,$88.54 ,$86.32 ,GOOGL,3
12/21/2022,$89.58 ,24745640,$89.08 ,$90.22 ,$88.32 ,GOOGL,3
12/20/2022,$89.02 ,23453840,$88.11 ,$89.18 ,$87.44 ,GOOGL,3
12/19/2022,$88.44 ,29493030,$90.26 ,$90.56 ,$88.21 ,GOOGL,3
12/16/2022,$90.26 ,58011850,$90.76 ,$91.33 ,$89.52 ,GOOGL,3
12/15/2022,$90.86 ,40107030,$93.13 ,$93.64 ,$90.01 ,GOOGL,3
12/14/2022,$95.07 ,28733600,$95.20 ,$96.87 ,$93.60 ,GOOGL,3
12/13/2022,$95.63 ,40593660,$97.76 ,$99.53 ,$95.03 ,GOOGL,3
12-12-22,$93.31 ,29009010,$92.71 ,$93.56 ,$91.61 ,GOOGL,3
12-09-22,$92.83 ,28225450,$93.77 ,$94.26 ,$92.75 ,GOOGL,3
12-08-22,$93.71 ,32213290,$95.38 ,$95.58 ,$93.45 ,GOOGL,3
12-07-22,$94.94 ,31045450,$96.41 ,$96.88 ,$94.72 ,GOOGL,3
12-06-22,$96.98 ,24910660,$99.30 ,$99.78 ,$96.42 ,GOOGL,3
12-05-22,$99.48 ,24405090,$99.40 ,$101.38 ,$99.00 ,GOOGL,3
12-02-22,$100.44 ,21480700,$99.05 ,$100.77 ,$98.90 ,GOOGL,3
12-01-22,$100.99 ,28687100,$101.02 ,$102.25 ,$100.25 ,GOOGL,3
11/30/2022,$100.99 ,43647480,$94.82 ,$101.04 ,$94.42 ,GOOGL,3
11/29/2022,$95.19 ,20061720,$95.73 ,$96.12 ,$94.11 ,GOOGL,3
11/28/2022,$96.05 ,26252430,$97.04 ,$97.58 ,$95.61 ,GOOGL,3
11/25/2022,$97.46 ,9701441,$98.24 ,$98.64 ,$97.40 ,GOOGL,3
11/23/2022,$98.46 ,18868090,$97.09 ,$98.76 ,$97.09 ,GOOGL,3
11/22/2022,$97.05 ,23438480,$95.95 ,$97.22 ,$94.05 ,GOOGL,3
11/21/2022,$95.60 ,21647390,$97.29 ,$98.40 ,$95.36 ,GOOGL,3
11/18/2022,$97.43 ,28342300,$98.77 ,$98.90 ,$96.37 ,GOOGL,3
11/17/2022,$98.36 ,26052600,$96.97 ,$99.28 ,$96.79 ,GOOGL,3
11/16/2022,$98.85 ,29105150,$97.90 ,$99.64 ,$97.64 ,GOOGL,3
11/15/2022,$98.44 ,41640820,$98.26 ,$100.14 ,$96.71 ,GOOGL,3
11/14/2022,$95.70 ,30179540,$95.09 ,$96.79 ,$94.51 ,GOOGL,3
11-11-22,$96.41 ,33090480,$94.69 ,$96.93 ,$93.92 ,GOOGL,3
11-10-22,$93.94 ,51620140,$92.25 ,$94.39 ,$91.61 ,GOOGL,3
11-09-22,$87.32 ,31769100,$88.45 ,$89.44 ,$87.28 ,GOOGL,3
11-08-22,$88.90 ,30429030,$88.90 ,$90.32 ,$87.59 ,GOOGL,3
11-07-22,$88.49 ,34078910,$87.28 ,$88.90 ,$86.85 ,GOOGL,3
11-04-22,$86.58 ,51124900,$85.40 ,$86.64 ,$83.71 ,GOOGL,3
11-03-22,$83.43 ,61288020,$86.32 ,$86.52 ,$83.34 ,GOOGL,3
11-02-22,$86.97 ,57038280,$90.94 ,$91.18 ,$86.88 ,GOOGL,3
11-01-22,$90.47 ,47161350,$95.45 ,$96.03 ,$90.37 ,GOOGL,3
10/31/2022,$94.51 ,31675040,$95.42 ,$96.03 ,$93.98 ,GOOGL,3
10/28/2022,$96.29 ,43697290,$92.27 ,$96.55 ,$92.13 ,GOOGL,3
10/27/2022,$92.22 ,60710860,$94.52 ,$95.43 ,$91.80 ,GOOGL,3
10/26/2022,$94.93 ,88279040,$96.43 ,$98.31 ,$94.69 ,GOOGL,3
10/25/2022,$104.48 ,40611380,$102.90 ,$104.82 ,$102.72 ,GOOGL,3
10/24/2022,$102.52 ,27176420,$101.80 ,$102.75 ,$99.98 ,GOOGL,3
10/21/2022,$101.13 ,32458720,$97.85 ,$101.31 ,$97.72 ,GOOGL,3
10/20/2022,$99.97 ,25323200,$100.00 ,$102.32 ,$99.39 ,GOOGL,3
10/19/2022,$99.63 ,23811060,$100.01 ,$101.02 ,$98.92 ,GOOGL,3
10/18/2022,$100.77 ,24060670,$103.13 ,$103.47 ,$99.97 ,GOOGL,3
10/17/2022,$99.97 ,28419190,$98.86 ,$100.93 ,$98.83 ,GOOGL,3
10/14/2022,$96.56 ,25410670,$99.99 ,$100.69 ,$96.37 ,GOOGL,3
10/13/2022,$99.06 ,34574550,$95.15 ,$99.78 ,$94.38 ,GOOGL,3
10-12-22,$97.56 ,21876360,$97.30 ,$98.75 ,$96.74 ,GOOGL,3
10-11-22,$97.18 ,26507100,$97.43 ,$99.25 ,$96.31 ,GOOGL,3
10-10-22,$97.86 ,18225090,$99.00 ,$99.10 ,$97.01 ,GOOGL,3
10-07-22,$98.68 ,27502770,$99.85 ,$100.53 ,$98.30 ,GOOGL,3
10-06-22,$101.42 ,22323990,$100.68 ,$102.93 ,$100.59 ,GOOGL,3
10-05-22,$101.43 ,22176900,$99.83 ,$101.93 ,$98.80 ,GOOGL,3
10-04-22,$101.64 ,28850770,$100.44 ,$101.84 ,$100.38 ,GOOGL,3
10-03-22,$98.64 ,27982030,$96.76 ,$99.29 ,$96.52 ,GOOGL,3
09/30/2022,$95.65 ,32941490,$97.05 ,$98.90 ,$95.56 ,GOOGL,3
09/29/2022,$97.42 ,31047220,$98.64 ,$98.64 ,$95.96 ,GOOGL,3
09/28/2022,$100.05 ,32466320,$97.65 ,$100.70 ,$97.11 ,GOOGL,3
09/27/2022,$97.50 ,30072780,$99.43 ,$100.00 ,$96.87 ,GOOGL,3
09/26/2022,$98.17 ,27072660,$98.10 ,$99.88 ,$97.80 ,GOOGL,3
09/23/2022,$98.74 ,31625440,$99.63 ,$99.66 ,$97.47 ,GOOGL,3
09/22/2022,$100.14 ,34298620,$98.82 ,$101.24 ,$98.79 ,GOOGL,3
09/21/2022,$99.28 ,31487270,$101.67 ,$102.88 ,$99.27 ,GOOGL,3
09/20/2022,$101.14 ,26517120,$102.08 ,$102.37 ,$100.52 ,GOOGL,3
09/19/2022,$103.07 ,23036810,$101.75 ,$103.33 ,$101.55 ,GOOGL,3
09/16/2022,$102.80 ,42797170,$102.07 ,$103.13 ,$100.94 ,GOOGL,3
09/15/2022,$102.91 ,34188280,$104.03 ,$105.27 ,$102.35 ,GOOGL,3
09/14/2022,$105.00 ,26395130,$104.57 ,$105.28 ,$103.66 ,GOOGL,3
09/13/2022,$104.32 ,38172870,$107.80 ,$108.30 ,$104.09 ,GOOGL,3
09-12-22,$110.86 ,22966750,$110.99 ,$111.62 ,$109.93 ,GOOGL,3
09-09-22,$110.65 ,23213590,$109.07 ,$110.99 ,$109.02 ,GOOGL,3
09-08-22,$108.38 ,24238290,$108.04 ,$109.60 ,$107.16 ,GOOGL,3
09-07-22,$109.45 ,23166970,$107.06 ,$109.98 ,$106.90 ,GOOGL,3
09-06-22,$106.81 ,25068280,$107.30 ,$108.03 ,$105.78 ,GOOGL,3
09-02-22,$107.85 ,24160710,$110.59 ,$110.74 ,$107.26 ,GOOGL,3
09-01-22,$109.74 ,28360930,$108.28 ,$110.45 ,$107.36 ,GOOGL,3
08/31/2022,$108.22 ,28626970,$110.65 ,$110.85 ,$108.13 ,GOOGL,3
08/30/2022,$108.94 ,27513260,$110.17 ,$110.50 ,$107.80 ,GOOGL,3
08/29/2022,$109.42 ,21191160,$109.99 ,$110.95 ,$108.80 ,GOOGL,3
08/26/2022,$110.34 ,37245700,$114.72 ,$115.12 ,$110.19 ,GOOGL,3
08/25/2022,$116.65 ,16956790,$114.24 ,$116.72 ,$114.11 ,GOOGL,3
08/24/2022,$113.69 ,17734620,$113.50 ,$114.78 ,$112.87 ,GOOGL,3
08/23/2022,$113.86 ,15870370,$113.48 ,$115.01 ,$113.43 ,GOOGL,3
08/22/2022,$114.24 ,21456650,$115.20 ,$115.63 ,$113.85 ,GOOGL,3
08/19/2022,$117.21 ,21809530,$119.06 ,$119.15 ,$116.76 ,GOOGL,3
08/18/2022,$120.17 ,17987660,$119.43 ,$120.82 ,$118.72 ,GOOGL,3
08/17/2022,$119.55 ,22846960,$120.12 ,$121.29 ,$119.38 ,GOOGL,3
08/16/2022,$121.70 ,19041230,$121.52 ,$122.43 ,$120.64 ,GOOGL,3
08/15/2022,$122.08 ,19494830,$121.13 ,$122.30 ,$120.61 ,GOOGL,3
08-12-22,$121.68 ,19096270,$120.26 ,$121.68 ,$119.46 ,GOOGL,3
08-11-22,$118.84 ,24293650,$121.28 ,$121.49 ,$118.56 ,GOOGL,3
08-10-22,$119.70 ,30930350,$118.78 ,$120.92 ,$118.41 ,GOOGL,3
08-09-22,$116.63 ,19086470,$117.14 ,$117.32 ,$115.71 ,GOOGL,3
08-08-22,$117.30 ,19169480,$118.39 ,$120.15 ,$116.88 ,GOOGL,3
08-05-22,$117.47 ,19159520,$116.23 ,$118.11 ,$116.00 ,GOOGL,3
08-04-22,$118.19 ,21602930,$117.48 ,$118.78 ,$116.89 ,GOOGL,3
08-03-22,$118.08 ,28499010,$115.71 ,$118.62 ,$115.48 ,GOOGL,3
08-02-22,$115.13 ,20236030,$114.00 ,$116.35 ,$113.72 ,GOOGL,3
08-01-22,$114.86 ,26034290,$115.30 ,$116.72 ,$114.34 ,GOOGL,3
07/29/2022,$116.32 ,37223390,$113.08 ,$116.71 ,$113.06 ,GOOGL,3
07/28/2022,$114.22 ,32816570,$112.37 ,$114.34 ,$111.46 ,GOOGL,3
07/27/2022,$113.06 ,59858500,$109.26 ,$113.91 ,$108.01 ,GOOGL,3
07/26/2022,$105.02 ,47990960,$106.60 ,$107.20 ,$104.07 ,GOOGL,3
07/25/2022,$107.51 ,34690890,$108.41 ,$109.87 ,$106.30 ,GOOGL,3
07/22/2022,$107.90 ,48901180,$111.00 ,$112.34 ,$106.50 ,GOOGL,3
07/21/2022,$114.34 ,32676170,$114.28 ,$114.55 ,$111.11 ,GOOGL,3
07/20/2022,$113.90 ,35600430,$113.17 ,$115.40 ,$112.48 ,GOOGL,3
07/19/2022,$113.81 ,36530950,$110.85 ,$114.02 ,$109.56 ,GOOGL,3
07/18/2022,$109.03 ,43164590,$112.64 ,$113.68 ,$108.37 ,GOOGL,3
07/15/2022,$111.78 ,46769120,$112.00 ,$113.14 ,$110.90 ,GOOGL,3
07/14/2022,$110.37 ,37003040,$110.21 ,$111.09 ,$108.37 ,GOOGL,3
07/13/2022,$111.35 ,43722020,$111.70 ,$114.20 ,$111.20 ,GOOGL,3
07-12-22,$114.02 ,29959700,$116.22 ,$116.97 ,$113.69 ,GOOGL,3
07-11-22,$115.68 ,31243700,$118.00 ,$118.00 ,$115.33 ,GOOGL,3
07-08-22,$119.35 ,38238160,$117.25 ,$119.69 ,$116.90 ,GOOGL,3
07-07-22,$118.78 ,40935880,$115.08 ,$119.19 ,$114.83 ,GOOGL,3
07-06-22,$114.57 ,37431380,$113.30 ,$115.59 ,$111.48 ,GOOGL,3
07-05-22,$113.26 ,39399640,$107.10 ,$113.38 ,$105.73 ,GOOGL,3
07-01-22,$108.74 ,35475660,$107.93 ,$109.25 ,$106.73 ,GOOGL,3
06/30/2022,$108.96 ,43169060,$110.00 ,$110.89 ,$106.75 ,GOOGL,3
06/29/2022,$111.70 ,24716820,$111.55 ,$113.16 ,$110.87 ,GOOGL,3
06/28/2022,$112.01 ,35880960,$115.80 ,$117.31 ,$111.85 ,GOOGL,3
06/27/2022,$115.83 ,36420760,$118.27 ,$118.58 ,$115.18 ,GOOGL,3
06/24/2022,$117.98 ,41163680,$113.00 ,$118.08 ,$112.95 ,GOOGL,3
06/23/2022,$112.24 ,28361920,$112.23 ,$112.74 ,$110.50 ,GOOGL,3
06/22/2022,$111.49 ,30774140,$110.56 ,$113.35 ,$110.38 ,GOOGL,3
06/21/2022,$111.54 ,47415800,$108.93 ,$112.49 ,$108.60 ,GOOGL,3
06/17/2022,$107.14 ,51376520,$106.03 ,$108.70 ,$105.05 ,GOOGL,3
06/16/2022,$106.03 ,51684960,$107.22 ,$108.65 ,$105.14 ,GOOGL,3
06/15/2022,$109.76 ,39698180,$108.55 ,$111.42 ,$107.67 ,GOOGL,3
06/14/2022,$106.72 ,33706260,$106.54 ,$107.92 ,$105.80 ,GOOGL,3
06/13/2022,$106.39 ,47251920,$106.79 ,$108.79 ,$106.12 ,GOOGL,3
06-10-22,$111.16 ,41481840,$112.45 ,$113.28 ,$110.37 ,GOOGL,3
06-09-22,$114.84 ,25797960,$116.33 ,$118.30 ,$114.78 ,GOOGL,3
06-08-22,$117.19 ,26107740,$116.76 ,$118.57 ,$116.60 ,GOOGL,3
06-07-22,$117.15 ,31590460,$115.48 ,$117.69 ,$115.05 ,GOOGL,3
06-06-22,$116.82 ,33541540,$116.70 ,$119.35 ,$116.16 ,GOOGL,3
06-03-22,$114.54 ,26135460,$116.06 ,$116.32 ,$113.52 ,GOOGL,3
06-02-22,$117.62 ,37992280,$114.00 ,$117.90 ,$112.95 ,GOOGL,3
06-01-22,$113.89 ,36605520,$114.86 ,$117.10 ,$113.25 ,GOOGL,3
05/31/2022,$113.76 ,50012260,$112.75 ,$115.74 ,$112.08 ,GOOGL,3
05/27/2022,$112.32 ,37914120,$109.48 ,$112.32 ,$109.14 ,GOOGL,3
05/26/2022,$107.79 ,37947220,$105.68 ,$108.65 ,$105.22 ,GOOGL,3
05/25/2022,$105.81 ,40257340,$104.99 ,$106.50 ,$103.86 ,GOOGL,3
05/24/2022,$105.97 ,76779780,$105.77 ,$106.46 ,$101.88 ,GOOGL,3
05/23/2022,$111.49 ,37184940,$109.59 ,$112.15 ,$108.74 ,GOOGL,3
05/20/2022,$108.91 ,48962960,$111.95 ,$112.18 ,$105.80 ,GOOGL,3
05/19/2022,$110.38 ,34144400,$111.43 ,$113.01 ,$110.00 ,GOOGL,3
05/18/2022,$111.90 ,35125980,$115.00 ,$115.40 ,$111.56 ,GOOGL,3
05/17/2022,$116.47 ,23053160,$116.84 ,$116.90 ,$114.87 ,GOOGL,3
05/16/2022,$114.45 ,25990440,$114.96 ,$116.17 ,$113.89 ,GOOGL,3
05/13/2022,$116.05 ,35038480,$114.53 ,$117.88 ,$113.61 ,GOOGL,3
05-12-22,$112.84 ,53836180,$111.38 ,$114.30 ,$109.82 ,GOOGL,3
05-11-22,$113.60 ,37534740,$113.24 ,$116.36 ,$113.24 ,GOOGL,3
05-10-22,$114.40 ,39900380,$115.51 ,$116.25 ,$112.90 ,GOOGL,3
05-09-22,$112.51 ,40802860,$113.25 ,$115.08 ,$112.00 ,GOOGL,3
05-06-22,$115.75 ,39709580,$115.18 ,$117.57 ,$114.02 ,GOOGL,3
05-05-22,$116.51 ,45840580,$120.20 ,$121.04 ,$115.01 ,GOOGL,3
05-04-22,$122.26 ,49915280,$117.03 ,$122.85 ,$115.12 ,GOOGL,3
05-03-22,$117.33 ,24967360,$116.43 ,$118.44 ,$116.03 ,GOOGL,3
05-02-22,$116.58 ,35533020,$113.41 ,$116.75 ,$112.60 ,GOOGL,3
04/29/2022,$114.11 ,42676000,$116.73 ,$117.92 ,$113.81 ,GOOGL,3
04/28/2022,$118.52 ,48884640,$116.42 ,$119.65 ,$114.12 ,GOOGL,3
04/27/2022,$114.29 ,91820580,$114.47 ,$117.24 ,$112.74 ,GOOGL,3
04/26/2022,$118.65 ,73054880,$122.29 ,$122.51 ,$118.51 ,GOOGL,3
04/25/2022,$123.07 ,46128260,$119.10 ,$123.28 ,$118.51 ,GOOGL,3
04/22/2022,$119.64 ,56883720,$125.00 ,$125.40 ,$118.93 ,GOOGL,3
04/21/2022,$124.81 ,36445160,$129.25 ,$130.10 ,$124.53 ,GOOGL,3
04/20/2022,$128.04 ,31695460,$130.89 ,$131.40 ,$127.50 ,GOOGL,3
04/19/2022,$130.01 ,26489760,$127.69 ,$130.33 ,$127.00 ,GOOGL,3
04/18/2022,$127.68 ,20808660,$127.00 ,$128.21 ,$126.18 ,GOOGL,3
04/14/2022,$126.73 ,31597980,$130.48 ,$130.48 ,$126.60 ,GOOGL,3
04/13/2022,$129.89 ,27927240,$128.00 ,$130.33 ,$127.74 ,GOOGL,3
04-12-22,$127.71 ,32710700,$131.60 ,$131.60 ,$126.79 ,GOOGL,3
04-11-22,$128.82 ,36883060,$131.82 ,$132.09 ,$128.67 ,GOOGL,3
04-08-22,$133.29 ,25142800,$135.58 ,$135.67 ,$132.97 ,GOOGL,3
04-07-22,$135.89 ,26233600,$136.01 ,$137.16 ,$134.23 ,GOOGL,3
04-06-22,$136.55 ,32468480,$138.75 ,$139.36 ,$135.52 ,GOOGL,3
04-05-22,$140.59 ,21418120,$142.87 ,$142.99 ,$140.38 ,GOOGL,3
04-04-22,$142.97 ,25970840,$140.36 ,$143.71 ,$140.31 ,GOOGL,3
04-01-22,$140.15 ,25941440,$139.50 ,$140.47 ,$138.31 ,GOOGL,3
03/31/2022,$139.07 ,37524720,$142.05 ,$142.11 ,$139.02 ,GOOGL,3
03/30/2022,$141.94 ,19884760,$142.46 ,$142.72 ,$141.60 ,GOOGL,3
03/29/2022,$142.51 ,34317020,$142.65 ,$143.79 ,$142.04 ,GOOGL,3
03/28/2022,$141.46 ,35049260,$140.90 ,$142.00 ,$139.81 ,GOOGL,3
03/25/2022,$141.67 ,24143080,$141.92 ,$142.04 ,$139.74 ,GOOGL,3
03/24/2022,$141.57 ,26396560,$139.20 ,$141.62 ,$137.75 ,GOOGL,3
03/23/2022,$138.28 ,25153400,$138.70 ,$139.59 ,$137.84 ,GOOGL,3
03/22/2022,$139.87 ,35495540,$136.10 ,$141.05 ,$136.10 ,GOOGL,3
03/21/2022,$136.10 ,26831680,$136.16 ,$137.05 ,$134.09 ,GOOGL,3
03/18/2022,$136.13 ,44566900,$133.42 ,$136.24 ,$132.26 ,GOOGL,3
03/17/2022,$133.84 ,28263920,$133.15 ,$134.08 ,$132.19 ,GOOGL,3
03/16/2022,$133.28 ,35576980,$130.73 ,$133.33 ,$128.73 ,GOOGL,3
03/15/2022,$129.20 ,30919520,$126.98 ,$129.85 ,$125.72 ,GOOGL,3
03/14/2022,$125.95 ,38811260,$130.25 ,$130.41 ,$125.28 ,GOOGL,3
03-11-22,$129.87 ,31526440,$133.49 ,$133.80 ,$129.63 ,GOOGL,3
03-10-22,$132.43 ,27101400,$131.27 ,$133.27 ,$130.91 ,GOOGL,3
03-09-22,$133.42 ,37025400,$131.25 ,$133.74 ,$129.90 ,GOOGL,3
03-08-22,$127.10 ,40427100,$126.25 ,$131.25 ,$125.67 ,GOOGL,3
03-07-22,$126.38 ,45112940,$131.49 ,$131.74 ,$126.30 ,GOOGL,3
03-04-22,$131.91 ,30450640,$132.93 ,$133.85 ,$130.34 ,GOOGL,3
03-03-22,$133.90 ,24603240,$136.01 ,$136.44 ,$133.03 ,GOOGL,3
03-02-22,$134.57 ,23519800,$134.63 ,$135.26 ,$133.07 ,GOOGL,3
03-01-22,$134.06 ,26495360,$134.88 ,$136.26 ,$133.22 ,GOOGL,3
02/28/2022,$135.06 ,38864420,$133.05 ,$135.75 ,$132.59 ,GOOGL,3
02/25/2022,$134.46 ,36405980,$133.55 ,$135.27 ,$131.75 ,GOOGL,3
02/24/2022,$132.69 ,54455080,$124.95 ,$133.00 ,$124.95 ,GOOGL,3
02/23/2022,$127.59 ,32786020,$131.65 ,$132.05 ,$127.53 ,GOOGL,3
02/22/2022,$129.81 ,44990740,$129.84 ,$132.18 ,$128.22 ,GOOGL,3
02/18/2022,$130.40 ,45619440,$133.47 ,$134.07 ,$130.20 ,GOOGL,3
02/17/2022,$132.54 ,38949500,$136.24 ,$137.11 ,$132.48 ,GOOGL,3
02/16/2022,$137.74 ,25021300,$136.65 ,$138.09 ,$134.92 ,GOOGL,3
02/15/2022,$136.61 ,26711260,$137.57 ,$138.11 ,$135.82 ,GOOGL,3
02/14/2022,$135.53 ,34301080,$133.26 ,$136.30 ,$133.26 ,GOOGL,3
02-11-22,$134.28 ,39958340,$138.60 ,$139.16 ,$133.40 ,GOOGL,3
02-10-22,$138.62 ,39330660,$139.70 ,$141.48 ,$137.96 ,GOOGL,3
02-09-22,$141.59 ,40143880,$140.96 ,$142.52 ,$140.19 ,GOOGL,3
02-08-22,$139.40 ,54283600,$139.03 ,$140.00 ,$137.01 ,GOOGL,3
02-07-22,$139.20 ,54973300,$144.25 ,$144.25 ,$138.90 ,GOOGL,3
02-04-22,$143.29 ,57998220,$143.44 ,$144.88 ,$140.52 ,GOOGL,3
02-03-22,$143.09 ,71517220,$145.71 ,$149.68 ,$142.67 ,GOOGL,3
02-02-22,$148.00 ,123199220,$151.25 ,$151.55 ,$145.52 ,GOOGL,3
02-01-22,$137.64 ,68643640,$137.59 ,$137.79 ,$134.37 ,GOOGL,3
01/31/2022,$135.30 ,39986000,$134.16 ,$135.47 ,$132.21 ,GOOGL,3
01/28/2022,$133.35 ,34361480,$129.66 ,$133.36 ,$128.49 ,GOOGL,3
01/27/2022,$129.01 ,32018780,$131.30 ,$132.65 ,$128.93 ,GOOGL,3
01/26/2022,$129.23 ,49129500,$131.12 ,$133.00 ,$127.14 ,GOOGL,3
01/25/2022,$126.94 ,46960560,$128.74 ,$129.40 ,$126.50 ,GOOGL,3
01/24/2022,$130.80 ,76694240,$125.98 ,$131.20 ,$124.50 ,GOOGL,3
01/21/2022,$130.35 ,55651420,$132.59 ,$134.87 ,$130.09 ,GOOGL,3
01/20/2022,$133.31 ,29907140,$136.25 ,$137.63 ,$132.96 ,GOOGL,3
01/19/2022,$135.12 ,28647640,$136.52 ,$137.96 ,$135.02 ,GOOGL,3
01/18/2022,$136.00 ,34888100,$136.18 ,$137.13 ,$135.44 ,GOOGL,3
01/14/2022,$139.48 ,29661280,$137.08 ,$140.74 ,$137.00 ,GOOGL,3
01/13/2022,$138.59 ,31436600,$141.54 ,$142.85 ,$138.41 ,GOOGL,3
01-12-22,$141.43 ,26112040,$141.15 ,$142.61 ,$140.69 ,GOOGL,3
01-11-22,$139.74 ,28729700,$138.01 ,$140.22 ,$136.69 ,GOOGL,3
01-10-22,$138.67 ,44408120,$135.08 ,$138.82 ,$133.16 ,GOOGL,3
01-07-22,$137.02 ,29760560,$138.15 ,$138.45 ,$135.77 ,GOOGL,3
01-06-22,$137.75 ,37347420,$137.00 ,$139.94 ,$136.56 ,GOOGL,3
01-05-22,$137.78 ,54618280,$144.42 ,$144.50 ,$137.69 ,GOOGL,3
01-04-22,$144.40 ,28399440,$145.40 ,$146.48 ,$143.72 ,GOOGL,3
01-03-22,$144.99 ,28678940,$145.06 ,$145.85 ,$143.71 ,GOOGL,3
12/31/2021,$144.85 ,18135180,$146.05 ,$146.70 ,$144.85 ,GOOGL,3
12/30/2021,$146.20 ,15687720,$146.69 ,$147.30 ,$145.99 ,GOOGL,3
12/29/2021,$146.66 ,17787460,$146.64 ,$147.42 ,$145.65 ,GOOGL,3
12/28/2021,$146.69 ,18254300,$148.24 ,$148.30 ,$146.05 ,GOOGL,3
12/27/2021,$147.91 ,15984460,$147.26 ,$148.34 ,$147.17 ,GOOGL,3
12/23/2021,$146.92 ,26383440,$146.50 ,$148.24 ,$146.45 ,GOOGL,3
12/22/2021,$146.42 ,26322380,$143.07 ,$146.50 ,$143.07 ,GOOGL,3
12/21/2021,$143.47 ,28755360,$142.05 ,$143.87 ,$140.50 ,GOOGL,3
12/20/2021,$141.61 ,27192360,$140.00 ,$141.77 ,$139.32 ,GOOGL,3
12/17/2021,$141.73 ,51017880,$142.50 ,$143.83 ,$141.30 ,GOOGL,3
12/16/2021,$144.45 ,33650380,$147.17 ,$147.68 ,$143.61 ,GOOGL,3
12/15/2021,$146.44 ,36370460,$143.41 ,$146.72 ,$141.68 ,GOOGL,3
12/14/2021,$143.91 ,38446240,$143.97 ,$144.48 ,$141.21 ,GOOGL,3
12/13/2021,$145.83 ,27069400,$147.78 ,$147.97 ,$145.52 ,GOOGL,3
12-10-21,$148.00 ,24462760,$148.70 ,$148.98 ,$146.70 ,GOOGL,3
12-09-21,$147.64 ,23269720,$147.59 ,$149.10 ,$147.12 ,GOOGL,3
12-08-21,$148.19 ,24270320,$147.60 ,$148.39 ,$146.41 ,GOOGL,3
12-07-21,$147.27 ,32240300,$145.60 ,$147.53 ,$145.23 ,GOOGL,3
12-06-21,$143.16 ,30618100,$143.04 ,$143.85 ,$140.15 ,GOOGL,3
12-03-21,$142.00 ,41230160,$143.68 ,$144.40 ,$140.30 ,GOOGL,3
12-02-21,$142.97 ,29194840,$141.25 ,$143.86 ,$140.21 ,GOOGL,3
12-01-21,$141.05 ,34055240,$144.00 ,$145.95 ,$140.91 ,GOOGL,3
11/30/2021,$141.90 ,42067220,$145.01 ,$146.00 ,$141.60 ,GOOGL,3
11/29/2021,$145.53 ,32595040,$144.00 ,$146.30 ,$143.89 ,GOOGL,3
11/26/2021,$142.18 ,30469240,$144.35 ,$144.56 ,$141.84 ,GOOGL,3
11/24/2021,$146.12 ,18040140,$145.47 ,$146.25 ,$144.37 ,GOOGL,3
11/23/2021,$145.78 ,27231160,$146.15 ,$146.66 ,$144.12 ,GOOGL,3
11/22/2021,$146.30 ,30629200,$149.33 ,$149.83 ,$146.15 ,GOOGL,3
11/19/2021,$148.93 ,33699380,$149.98 ,$150.97 ,$148.90 ,GOOGL,3
11/18/2021,$149.84 ,35628220,$148.24 ,$150.58 ,$147.88 ,GOOGL,3
11/17/2021,$148.05 ,19599500,$148.03 ,$148.56 ,$147.24 ,GOOGL,3
11/16/2021,$147.88 ,18904000,$148.15 ,$148.76 ,$147.31 ,GOOGL,3
11/15/2021,$148.45 ,23507040,$148.90 ,$149.55 ,$147.58 ,GOOGL,3
11-12-21,$148.68 ,22360000,$146.62 ,$148.85 ,$145.41 ,GOOGL,3
11-11-21,$145.77 ,16517480,$146.49 ,$147.54 ,$145.60 ,GOOGL,3
11-10-21,$145.89 ,29969800,$147.50 ,$148.07 ,$144.54 ,GOOGL,3
11-09-21,$148.92 ,19529740,$149.23 ,$149.83 ,$147.24 ,GOOGL,3
11-08-21,$149.03 ,23052500,$149.83 ,$150.61 ,$148.43 ,GOOGL,3
11-05-21,$148.85 ,38354740,$149.17 ,$150.33 ,$148.20 ,GOOGL,3
11-04-21,$148.27 ,38411260,$147.12 ,$149.73 ,$146.31 ,GOOGL,3
11-03-21,$146.60 ,27493240,$145.90 ,$146.67 ,$144.59 ,GOOGL,3
11-02-21,$145.43 ,33482240,$144.58 ,$146.61 ,$144.34 ,GOOGL,3
11-01-21,$143.50 ,46923240,$148.05 ,$148.05 ,$143.23 ,GOOGL,3
10/29/2021,$148.05 ,43320300,$145.08 ,$148.24 ,$144.65 ,GOOGL,3
10/28/2021,$145.85 ,36206380,$147.13 ,$147.16 ,$144.63 ,GOOGL,3
10/27/2021,$146.22 ,85781400,$139.41 ,$148.65 ,$139.41 ,GOOGL,3
10/26/2021,$139.31 ,49235020,$139.26 ,$140.08 ,$138.30 ,GOOGL,3
10/25/2021,$137.45 ,34412260,$137.55 ,$138.00 ,$135.42 ,GOOGL,3
10/22/2021,$137.57 ,50588960,$139.15 ,$140.58 ,$136.06 ,GOOGL,3
10/21/2021,$141.89 ,26292260,$141.77 ,$142.16 ,$140.50 ,GOOGL,3
10/20/2021,$141.77 ,23288060,$143.34 ,$143.55 ,$141.38 ,GOOGL,3
10/19/2021,$143.24 ,20163000,$143.39 ,$143.66 ,$142.60 ,GOOGL,3
10/18/2021,$142.78 ,20396160,$141.08 ,$142.80 ,$141.07 ,GOOGL,3
10/15/2021,$141.37 ,30274440,$141.61 ,$141.72 ,$140.76 ,GOOGL,3
10/14/2021,$141.15 ,31927940,$139.47 ,$141.34 ,$138.83 ,GOOGL,3
10/13/2021,$137.58 ,19662320,$137.40 ,$138.00 ,$136.52 ,GOOGL,3
10-12-21,$136.45 ,36332240,$139.48 ,$139.51 ,$135.76 ,GOOGL,3
10-11-21,$138.91 ,17953620,$139.29 ,$140.71 ,$138.86 ,GOOGL,3
10-08-21,$139.79 ,26525840,$139.58 ,$140.33 ,$139.22 ,GOOGL,3
10-07-21,$139.23 ,25110140,$138.89 ,$140.04 ,$138.65 ,GOOGL,3
10-06-21,$137.57 ,24364280,$134.75 ,$137.75 ,$134.55 ,GOOGL,3
10-05-21,$136.02 ,32403260,$134.04 ,$137.22 ,$134.04 ,GOOGL,3
10-04-21,$133.66 ,51201940,$135.96 ,$135.96 ,$131.05 ,GOOGL,3
10-01-21,$136.54 ,35360180,$134.45 ,$136.91 ,$134.07 ,GOOGL,3
09/30/2021,$133.68 ,38028800,$134.26 ,$135.54 ,$133.56 ,GOOGL,3
09/29/2021,$134.35 ,30848700,$136.98 ,$137.15 ,$133.87 ,GOOGL,3
09/28/2021,$135.83 ,45772200,$138.66 ,$139.10 ,$135.36 ,GOOGL,3
09/27/2021,$141.07 ,21881960,$140.80 ,$141.94 ,$140.07 ,GOOGL,3
09/24/2021,$142.22 ,22983900,$140.54 ,$142.33 ,$140.24 ,GOOGL,3
09/23/2021,$141.22 ,20951000,$140.99 ,$141.70 ,$140.40 ,GOOGL,3
09/22/2021,$140.28 ,25055560,$139.30 ,$140.89 ,$138.55 ,GOOGL,3
09/21/2021,$139.03 ,25331900,$139.75 ,$140.01 ,$138.28 ,GOOGL,3
09/20/2021,$138.72 ,46518040,$138.16 ,$139.00 ,$136.32 ,GOOGL,3
09/17/2021,$140.80 ,53384460,$143.03 ,$143.45 ,$140.47 ,GOOGL,3
09/16/2021,$143.61 ,26195420,$143.95 ,$144.30 ,$142.40 ,GOOGL,3
09/15/2021,$144.43 ,27407580,$142.77 ,$144.45 ,$141.35 ,GOOGL,3
09/14/2021,$142.54 ,19673860,$143.00 ,$143.36 ,$141.75 ,GOOGL,3
09/13/2021,$142.33 ,22093840,$141.95 ,$142.95 ,$141.25 ,GOOGL,3
09-10-21,$140.88 ,36839340,$144.21 ,$144.72 ,$140.74 ,GOOGL,3
09-09-21,$143.54 ,15317100,$143.84 ,$144.31 ,$143.18 ,GOOGL,3
09-08-21,$143.69 ,18350220,$144.10 ,$144.40 ,$143.00 ,GOOGL,3
09-07-21,$144.28 ,20131900,$143.83 ,$144.57 ,$143.62 ,GOOGL,3
09-03-21,$143.74 ,19854360,$143.08 ,$144.16 ,$142.40 ,GOOGL,3
09-02-21,$143.29 ,32358140,$145.22 ,$145.52 ,$143.18 ,GOOGL,3
09-01-21,$145.22 ,21936100,$145.00 ,$146.25 ,$144.88 ,GOOGL,3
08/31/2021,$144.70 ,22448760,$145.15 ,$145.17 ,$144.28 ,GOOGL,3
08/30/2021,$144.59 ,24434200,$144.40 ,$145.97 ,$144.16 ,GOOGL,3
08/27/2021,$144.00 ,28780200,$141.65 ,$144.51 ,$141.50 ,GOOGL,3
08/26/2021,$141.44 ,20609320,$141.75 ,$142.42 ,$141.36 ,GOOGL,3
08/25/2021,$142.08 ,15851480,$141.63 ,$142.19 ,$141.38 ,GOOGL,3
08/24/2021,$141.26 ,19267220,$140.61 ,$142.08 ,$140.34 ,GOOGL,3
08/23/2021,$140.04 ,28453400,$137.97 ,$140.87 ,$137.61 ,GOOGL,3
08/20/2021,$137.43 ,31193160,$136.00 ,$137.55 ,$135.25 ,GOOGL,3
08/19/2021,$135.68 ,21782540,$134.44 ,$136.35 ,$134.25 ,GOOGL,3
08/18/2021,$135.45 ,19258940,$136.50 ,$137.10 ,$135.32 ,GOOGL,3
08/17/2021,$136.66 ,21715200,$137.75 ,$138.27 ,$136.08 ,GOOGL,3
08/16/2021,$138.31 ,22398360,$137.52 ,$138.36 ,$135.30 ,GOOGL,3
08/13/2021,$137.73 ,15947440,$137.25 ,$137.86 ,$137.03 ,GOOGL,3
08-12-21,$137.19 ,16518860,$135.98 ,$137.30 ,$135.43 ,GOOGL,3
08-11-21,$136.28 ,15352000,$137.18 ,$137.68 ,$136.27 ,GOOGL,3
08-10-21,$136.81 ,19414080,$137.34 ,$137.77 ,$136.36 ,GOOGL,3
08-09-21,$136.91 ,17766000,$135.94 ,$137.18 ,$135.34 ,GOOGL,3
08-06-21,$135.74 ,20488120,$136.04 ,$136.47 ,$135.21 ,GOOGL,3
08-05-21,$136.25 ,17869000,$135.68 ,$136.35 ,$134.85 ,GOOGL,3
08-04-21,$135.13 ,19676020,$135.35 ,$135.65 ,$134.49 ,GOOGL,3
08-03-21,$135.63 ,20761880,$135.14 ,$135.73 ,$133.32 ,GOOGL,3
08-02-21,$134.85 ,21634200,$135.12 ,$135.34 ,$133.79 ,GOOGL,3
07/30/2021,$134.73 ,25575780,$135.04 ,$135.30 ,$134.26 ,GOOGL,3
07/29/2021,$135.78 ,31715720,$136.15 ,$136.66 ,$135.54 ,GOOGL,3
07/28/2021,$136.09 ,95130600,$136.31 ,$138.30 ,$135.28 ,GOOGL,3
07/27/2021,$131.90 ,54709480,$134.25 ,$134.40 ,$130.10 ,GOOGL,3
07/26/2021,$134.04 ,30571480,$133.33 ,$134.24 ,$132.30 ,GOOGL,3
07/23/2021,$133.02 ,41506420,$130.43 ,$133.40 ,$129.80 ,GOOGL,3
07/22/2021,$128.42 ,14301880,$127.84 ,$128.48 ,$127.50 ,GOOGL,3
07/21/2021,$127.55 ,20746180,$126.13 ,$127.60 ,$126.02 ,GOOGL,3
07/20/2021,$126.21 ,26316440,$125.53 ,$127.04 ,$124.35 ,GOOGL,3
07/19/2021,$124.58 ,27967580,$126.09 ,$126.21 ,$123.51 ,GOOGL,3
07/16/2021,$126.97 ,20424540,$127.66 ,$127.81 ,$126.15 ,GOOGL,3
07/15/2021,$127.01 ,24218800,$128.65 ,$128.70 ,$126.53 ,GOOGL,3
07/14/2021,$128.24 ,23745660,$127.96 ,$129.33 ,$127.91 ,GOOGL,3
07/13/2021,$127.34 ,19246940,$127.04 ,$128.06 ,$126.67 ,GOOGL,3
07-12-21,$126.98 ,17667780,$126.18 ,$127.07 ,$125.61 ,GOOGL,3
07-09-21,$125.52 ,18631680,$125.03 ,$125.73 ,$124.55 ,GOOGL,3
07-08-21,$125.04 ,23789340,$124.03 ,$125.60 ,$124.02 ,GOOGL,3
07-07-21,$126.47 ,24059020,$127.16 ,$127.28 ,$126.15 ,GOOGL,3
07-06-21,$126.19 ,26403580,$125.65 ,$126.43 ,$124.58 ,GOOGL,3
07-02-21,$125.26 ,26002180,$123.15 ,$125.40 ,$123.06 ,GOOGL,3
07-01-21,$122.44 ,18112820,$121.73 ,$122.59 ,$121.53 ,GOOGL,3
06/30/2021,$122.09 ,24473980,$121.99 ,$122.26 ,$121.35 ,GOOGL,3
06/29/2021,$122.27 ,23108720,$122.67 ,$123.02 ,$121.69 ,GOOGL,3
06/28/2021,$122.54 ,28525420,$122.68 ,$122.78 ,$121.41 ,GOOGL,3
06/25/2021,$122.51 ,34596380,$122.00 ,$122.63 ,$121.57 ,GOOGL,3
06/24/2021,$122.50 ,21365140,$122.70 ,$123.06 ,$122.30 ,GOOGL,3
06/23/2021,$122.13 ,19154160,$122.09 ,$123.10 ,$121.83 ,GOOGL,3
06/22/2021,$122.33 ,22390200,$121.75 ,$122.40 ,$121.06 ,GOOGL,3
06/21/2021,$121.81 ,27413660,$120.50 ,$122.00 ,$119.90 ,GOOGL,3
06/18/2021,$120.11 ,46115200,$121.37 ,$121.60 ,$120.02 ,GOOGL,3
06/17/2021,$121.74 ,25848880,$120.70 ,$122.52 ,$120.50 ,GOOGL,3
06/16/2021,$120.77 ,26471860,$121.57 ,$121.89 ,$119.47 ,GOOGL,3
06/15/2021,$121.42 ,21562140,$122.45 ,$122.78 ,$121.06 ,GOOGL,3
06/14/2021,$122.45 ,22097560,$121.61 ,$122.45 ,$120.90 ,GOOGL,3
06-11-21,$121.51 ,21958140,$122.00 ,$122.09 ,$120.95 ,GOOGL,3
06-10-21,$121.76 ,25907500,$120.35 ,$121.80 ,$120.19 ,GOOGL,3
06-09-21,$120.40 ,17941040,$120.57 ,$120.64 ,$119.85 ,GOOGL,3
06-08-21,$119.92 ,24239840,$120.60 ,$120.98 ,$119.74 ,GOOGL,3
06-07-21,$120.12 ,24119320,$119.47 ,$120.23 ,$119.05 ,GOOGL,3
06-04-21,$119.68 ,24458200,$118.46 ,$119.95 ,$118.12 ,GOOGL,3
06-03-21,$117.38 ,18695920,$117.29 ,$117.85 ,$116.48 ,GOOGL,3
06-02-21,$118.53 ,21162920,$119.46 ,$119.68 ,$117.62 ,GOOGL,3
06-01-21,$119.06 ,23358020,$118.72 ,$119.29 ,$117.71 ,GOOGL,3
05/28/2021,$117.84 ,21490800,$118.72 ,$118.80 ,$117.64 ,GOOGL,3
05/27/2021,$118.13 ,35224020,$119.45 ,$119.45 ,$117.81 ,GOOGL,3
05/26/2021,$119.02 ,21571960,$118.33 ,$119.45 ,$118.32 ,GOOGL,3
05/25/2021,$118.14 ,22439640,$118.60 ,$119.20 ,$117.75 ,GOOGL,3
05/24/2021,$118.05 ,31832200,$115.74 ,$118.28 ,$115.60 ,GOOGL,3
05/21/2021,$114.71 ,40631800,$115.87 ,$115.94 ,$114.47 ,GOOGL,3
05/20/2021,$115.35 ,32351000,$114.55 ,$115.60 ,$114.18 ,GOOGL,3
05/19/2021,$113.58 ,23684100,$111.42 ,$113.75 ,$111.27 ,GOOGL,3
05/18/2021,$113.12 ,22203700,$115.12 ,$115.38 ,$113.11 ,GOOGL,3
05/17/2021,$114.45 ,21578600,$113.18 ,$114.49 ,$112.78 ,GOOGL,3
05/14/2021,$113.92 ,31996580,$112.93 ,$114.24 ,$112.50 ,GOOGL,3
05/13/2021,$111.45 ,33220400,$111.31 ,$111.97 ,$110.34 ,GOOGL,3
05-12-21,$110.01 ,46375480,$111.31 ,$112.40 ,$109.68 ,GOOGL,3
05-11-21,$113.50 ,34185840,$112.15 ,$114.01 ,$111.70 ,GOOGL,3
05-10-21,$114.59 ,30914580,$116.41 ,$116.55 ,$114.23 ,GOOGL,3
05-07-21,$117.60 ,28897240,$118.19 ,$118.56 ,$117.31 ,GOOGL,3
05-06-21,$116.87 ,25190460,$115.32 ,$116.87 ,$114.65 ,GOOGL,3
05-05-21,$115.74 ,26636180,$116.43 ,$116.75 ,$115.41 ,GOOGL,3
05-04-21,$115.34 ,44818640,$115.68 ,$116.25 ,$112.83 ,GOOGL,3
05-03-21,$117.15 ,28242780,$118.25 ,$119.08 ,$116.78 ,GOOGL,3
04/30/2021,$117.68 ,44856760,$118.40 ,$119.09 ,$117.33 ,GOOGL,3
04/29/2021,$119.64 ,41233080,$119.46 ,$120.21 ,$118.69 ,GOOGL,3
04/28/2021,$117.95 ,81106800,$119.62 ,$121.57 ,$117.66 ,GOOGL,3
04/27/2021,$114.55 ,44385600,$115.88 ,$115.92 ,$114.31 ,GOOGL,3
04/26/2021,$115.50 ,32037840,$115.23 ,$116.23 ,$114.87 ,GOOGL,3
04/23/2021,$115.00 ,29111080,$113.35 ,$115.31 ,$113.06 ,GOOGL,3
04/22/2021,$112.63 ,24145520,$113.77 ,$114.44 ,$112.02 ,GOOGL,3
04/21/2021,$113.92 ,23204180,$113.60 ,$114.00 ,$112.24 ,GOOGL,3
04/20/2021,$113.95 ,22288320,$114.87 ,$114.95 ,$112.86 ,GOOGL,3
04/19/2021,$114.49 ,30289400,$113.51 ,$115.20 ,$113.51 ,GOOGL,3
04/16/2021,$114.14 ,26282780,$114.46 ,$114.71 ,$113.55 ,GOOGL,3
04/15/2021,$114.26 ,29174980,$113.10 ,$114.80 ,$112.56 ,GOOGL,3
04/14/2021,$112.10 ,21002860,$113.37 ,$113.37 ,$111.80 ,GOOGL,3
04/13/2021,$112.72 ,25681560,$112.55 ,$113.17 ,$112.15 ,GOOGL,3
04-12-21,$112.23 ,25023660,$112.71 ,$112.84 ,$111.39 ,GOOGL,3
04-09-21,$113.53 ,26145300,$112.27 ,$113.70 ,$111.86 ,GOOGL,3
04-08-21,$112.52 ,28664280,$113.20 ,$113.59 ,$112.15 ,GOOGL,3
04-07-21,$111.95 ,24133920,$110.66 ,$112.23 ,$110.66 ,GOOGL,3
04-06-21,$110.46 ,35240780,$110.55 ,$111.40 ,$110.09 ,GOOGL,3
04-05-21,$110.95 ,48509600,$107.36 ,$111.45 ,$107.26 ,GOOGL,3
04-01-21,$106.49 ,39880100,$104.61 ,$106.79 ,$104.57 ,GOOGL,3
03/31/2021,$103.13 ,42569640,$102.72 ,$104.31 ,$102.35 ,GOOGL,3
03/30/2021,$102.32 ,27317120,$102.65 ,$103.13 ,$101.81 ,GOOGL,3
03/29/2021,$102.29 ,26492620,$101.11 ,$102.46 ,$100.27 ,GOOGL,3
03/26/2021,$101.24 ,27977500,$101.59 ,$101.97 ,$100.19 ,GOOGL,3
03/25/2021,$101.62 ,35615740,$101.45 ,$102.28 ,$99.80 ,GOOGL,3
03/24/2021,$101.63 ,25217060,$102.59 ,$103.38 ,$101.45 ,GOOGL,3
03/23/2021,$102.07 ,28509120,$102.00 ,$103.21 ,$101.40 ,GOOGL,3
03/22/2021,$101.53 ,33535420,$101.38 ,$102.42 ,$100.70 ,GOOGL,3
03/19/2021,$101.35 ,46071920,$101.49 ,$101.85 ,$100.15 ,GOOGL,3
03/18/2021,$101.07 ,31712960,$102.41 ,$103.44 ,$100.96 ,GOOGL,3
03/17/2021,$104.11 ,26382520,$103.42 ,$104.95 ,$102.21 ,GOOGL,3
03/16/2021,$104.19 ,31900300,$103.30 ,$105.68 ,$102.96 ,GOOGL,3
03/15/2021,$102.72 ,26214820,$102.25 ,$102.75 ,$101.39 ,GOOGL,3
03-12-21,$102.50 ,33817980,$103.82 ,$103.88 ,$101.62 ,GOOGL,3
03-11-21,$105.03 ,27702600,$102.91 ,$105.56 ,$102.82 ,GOOGL,3
03-10-21,$101.81 ,27100080,$103.07 ,$103.07 ,$100.97 ,GOOGL,3
03-09-21,$102.02 ,33920620,$102.49 ,$103.20 ,$101.78 ,GOOGL,3
03-08-21,$100.38 ,36867420,$104.20 ,$105.69 ,$100.26 ,GOOGL,3
03-05-21,$104.85 ,53099540,$103.06 ,$105.31 ,$101.39 ,GOOGL,3
03-04-21,$101.70 ,49215720,$100.74 ,$103.73 ,$100.27 ,GOOGL,3
03-03-21,$100.57 ,33892900,$102.60 ,$103.80 ,$99.70 ,GOOGL,3
03-02-21,$103.22 ,25563680,$103.24 ,$104.74 ,$102.83 ,GOOGL,3
03-01-21,$103.48 ,26061780,$102.40 ,$103.81 ,$101.72 ,GOOGL,3
02/26/2021,$101.10 ,40041280,$101.50 ,$102.83 ,$100.05 ,GOOGL,3
02/25/2021,$100.80 ,41548180,$102.80 ,$104.15 ,$100.32 ,GOOGL,3
02/24/2021,$104.19 ,22608740,$101.50 ,$104.42 ,$101.38 ,GOOGL,3
02/23/2021,$103.01 ,34657980,$100.70 ,$103.63 ,$99.51 ,GOOGL,3
02/22/2021,$102.71 ,29466340,$102.68 ,$104.02 ,$102.40 ,GOOGL,3
02/19/2021,$104.44 ,37938780,$105.39 ,$105.93 ,$104.17 ,GOOGL,3
02/18/2021,$105.29 ,22570980,$105.25 ,$106.10 ,$104.67 ,GOOGL,3
02/17/2021,$105.93 ,20303540,$104.70 ,$106.12 ,$104.42 ,GOOGL,3
02/16/2021,$105.54 ,31003900,$104.59 ,$107.26 ,$104.59 ,GOOGL,3
02-12-21,$104.75 ,18990500,$103.99 ,$104.98 ,$103.68 ,GOOGL,3
02-11-21,$104.44 ,20480580,$104.55 ,$104.70 ,$103.44 ,GOOGL,3
02-10-21,$104.32 ,25101600,$104.16 ,$104.94 ,$102.61 ,GOOGL,3
02-09-21,$103.77 ,21891660,$103.74 ,$104.93 ,$103.50 ,GOOGL,3
02-08-21,$104.23 ,28828860,$105.00 ,$105.75 ,$103.17 ,GOOGL,3
02-05-21,$104.44 ,29865120,$102.98 ,$104.80 ,$102.50 ,GOOGL,3
02-04-21,$102.68 ,48595600,$103.03 ,$103.47 ,$101.76 ,GOOGL,3
02-03-21,$102.94 ,97881640,$103.28 ,$105.33 ,$100.68 ,GOOGL,3
02-02-21,$95.96 ,66332400,$95.66 ,$97.47 ,$95.32 ,GOOGL,3
02-01-21,$94.65 ,40252060,$92.23 ,$95.78 ,$92.23 ,GOOGL,3
01/29/2021,$91.37 ,44530180,$91.70 ,$92.38 ,$90.08 ,GOOGL,3
01/28/2021,$92.66 ,55278100,$91.55 ,$94.40 ,$91.55 ,GOOGL,3
01/27/2021,$90.95 ,82512620,$93.75 ,$94.02 ,$89.86 ,GOOGL,3
01/26/2021,$95.40 ,31461560,$94.30 ,$95.79 ,$93.81 ,GOOGL,3
01/25/2021,$94.71 ,50586920,$95.64 ,$96.09 ,$92.96 ,GOOGL,3
01/22/2021,$94.63 ,32743900,$94.57 ,$95.22 ,$93.82 ,GOOGL,3
01/21/2021,$94.21 ,58659460,$94.68 ,$96.60 ,$93.97 ,GOOGL,3
01/20/2021,$94.00 ,64151400,$91.32 ,$94.99 ,$90.98 ,GOOGL,3
01/19/2021,$89.22 ,41659020,$87.15 ,$90.19 ,$86.64 ,GOOGL,3
01/15/2021,$86.38 ,31444280,$86.45 ,$87.38 ,$85.59 ,GOOGL,3
01/14/2021,$86.55 ,29212340,$87.44 ,$88.38 ,$86.30 ,GOOGL,3
01/13/2021,$87.36 ,23431800,$86.37 ,$87.82 ,$86.37 ,GOOGL,3
01-12-21,$86.87 ,29534300,$87.27 ,$88.40 ,$85.82 ,GOOGL,3
01-11-21,$87.81 ,34812360,$88.85 ,$89.22 ,$87.61 ,GOOGL,3
01-08-21,$89.89 ,35484520,$88.86 ,$89.97 ,$88.06 ,GOOGL,3
01-07-21,$88.72 ,41936580,$86.34 ,$88.89 ,$86.34 ,GOOGL,3
01-06-21,$86.14 ,46588020,$85.01 ,$87.20 ,$84.81 ,GOOGL,3
01-05-21,$87.00 ,20359240,$86.25 ,$87.34 ,$85.85 ,GOOGL,3
01-04-21,$86.31 ,37323900,$88.00 ,$88.12 ,$85.36 ,GOOGL,3
12/31/2020,$87.63 ,21069580,$86.86 ,$87.88 ,$86.80 ,GOOGL,3
12/30/2020,$86.81 ,21026160,$88.25 ,$88.39 ,$86.40 ,GOOGL,3
12/29/2020,$87.89 ,19725740,$89.36 ,$89.42 ,$87.76 ,GOOGL,3
12/28/2020,$88.70 ,27650740,$87.25 ,$89.35 ,$87.09 ,GOOGL,3
12/24/2020,$86.71 ,9312760,$86.45 ,$87.12 ,$86.22 ,GOOGL,3
12/23/2020,$86.41 ,22973680,$86.20 ,$87.21 ,$86.06 ,GOOGL,3
12/22/2020,$86.01 ,20376580,$86.47 ,$86.63 ,$85.29 ,GOOGL,3
12/21/2020,$86.73 ,33974140,$85.46 ,$86.85 ,$84.70 ,GOOGL,3
12/18/2020,$86.31 ,85256740,$87.31 ,$87.42 ,$85.75 ,GOOGL,3
12/17/2020,$87.03 ,34880100,$88.20 ,$88.34 ,$86.56 ,GOOGL,3
12/16/2020,$87.86 ,24676720,$88.46 ,$88.46 ,$87.45 ,GOOGL,3
12/15/2020,$88.05 ,21365840,$87.99 ,$88.20 ,$87.08 ,GOOGL,3
12/14/2020,$87.61 ,33049420,$88.54 ,$89.49 ,$87.46 ,GOOGL,3
12-11-20,$88.74 ,18628620,$88.00 ,$88.87 ,$87.64 ,GOOGL,3
12-10-20,$88.38 ,28688320,$88.13 ,$88.75 ,$86.68 ,GOOGL,3
12-09-20,$88.89 ,31728520,$90.52 ,$91.42 ,$88.10 ,GOOGL,3
12-08-20,$90.57 ,19935360,$90.43 ,$90.80 ,$89.56 ,GOOGL,3
12-07-20,$90.85 ,22287820,$90.78 ,$91.46 ,$90.15 ,GOOGL,3
12-04-20,$91.19 ,20544840,$91.01 ,$91.48 ,$90.68 ,GOOGL,3
12-03-20,$91.09 ,24727320,$91.03 ,$92.19 ,$90.85 ,GOOGL,3
12-02-20,$91.25 ,29424700,$89.77 ,$91.64 ,$89.26 ,GOOGL,3
12-01-20,$89.77 ,37362680,$88.33 ,$91.09 ,$88.15 ,GOOGL,3
11/30/2020,$87.72 ,32417740,$88.78 ,$89.02 ,$87.39 ,GOOGL,3
11/27/2020,$89.35 ,14790140,$88.23 ,$89.85 ,$88.23 ,GOOGL,3
11/25/2020,$88.21 ,19599140,$88.39 ,$88.52 ,$87.42 ,GOOGL,3
11/24/2020,$88.20 ,28006120,$86.38 ,$88.32 ,$86.04 ,GOOGL,3
11/23/2020,$86.38 ,22552360,$87.01 ,$87.30 ,$85.51 ,GOOGL,3
11/20/2020,$86.82 ,27706440,$88.10 ,$88.42 ,$86.75 ,GOOGL,3
11/19/2020,$87.93 ,20106800,$86.66 ,$88.17 ,$86.50 ,GOOGL,3
11/18/2020,$87.03 ,20107540,$87.83 ,$88.25 ,$86.93 ,GOOGL,3
11/17/2020,$88.08 ,21320680,$88.39 ,$88.86 ,$87.97 ,GOOGL,3
11/16/2020,$88.70 ,25467860,$88.21 ,$89.72 ,$88.07 ,GOOGL,3
11/13/2020,$88.61 ,29757540,$87.40 ,$88.86 ,$86.80 ,GOOGL,3
11-12-20,$87.14 ,26487260,$87.10 ,$88.25 ,$86.90 ,GOOGL,3
11-11-20,$87.36 ,31838120,$87.42 ,$88.15 ,$87.15 ,GOOGL,3
11-10-20,$86.89 ,43021160,$86.49 ,$87.97 ,$85.81 ,GOOGL,3
11-09-20,$88.07 ,53440480,$89.80 ,$90.84 ,$87.88 ,GOOGL,3
11-06-20,$87.99 ,28621680,$87.57 ,$88.42 ,$86.83 ,GOOGL,3
11-05-20,$88.13 ,39758140,$88.52 ,$89.59 ,$87.05 ,GOOGL,3
11-04-20,$87.29 ,71342980,$85.28 ,$88.50 ,$85.15 ,GOOGL,3
11-03-20,$82.28 ,31432820,$81.54 ,$82.95 ,$80.61 ,GOOGL,3
11-02-20,$81.22 ,44228980,$81.18 ,$82.91 ,$80.71 ,GOOGL,3
10/30/2020,$80.81 ,99923940,$83.37 ,$84.07 ,$80.08 ,GOOGL,3
10/29/2020,$77.84 ,55406860,$75.85 ,$79.44 ,$75.83 ,GOOGL,3
10/28/2020,$75.54 ,45173500,$77.50 ,$77.69 ,$75.42 ,GOOGL,3
10/27/2020,$79.94 ,25902760,$79.45 ,$80.10 ,$78.85 ,GOOGL,3
10/26/2020,$79.21 ,35826340,$80.75 ,$81.48 ,$78.39 ,GOOGL,3
10/23/2020,$81.65 ,30548040,$80.75 ,$81.71 ,$80.60 ,GOOGL,3
10/22/2020,$80.33 ,30515460,$79.25 ,$80.67 ,$78.87 ,GOOGL,3
10/21/2020,$79.30 ,60321060,$78.49 ,$80.76 ,$78.36 ,GOOGL,3
10/20/2020,$77.55 ,41718300,$76.16 ,$78.69 ,$76.03 ,GOOGL,3
10/19/2020,$76.50 ,29733040,$78.80 ,$79.20 ,$76.15 ,GOOGL,3
10/16/2020,$78.39 ,34206500,$78.09 ,$78.89 ,$77.88 ,GOOGL,3
10/15/2020,$77.77 ,31229700,$77.23 ,$78.57 ,$77.06 ,GOOGL,3
10/14/2020,$78.17 ,33184560,$78.73 ,$79.19 ,$77.29 ,GOOGL,3
10/13/2020,$78.35 ,39072180,$78.85 ,$79.26 ,$77.93 ,GOOGL,3
10-12-20,$78.23 ,55343280,$76.90 ,$79.42 ,$76.47 ,GOOGL,3
